id,name,season,gamesPlayed,gamesStarted,hits,era,whip,shutouts,walksPer9Inn,homeRunsPer9
669084,DL Hall,2022,11,1,17,5.93,1.68,0,3.95,0.00
669084,DL Hall,2023,18,0,18,3.26,1.19,0,2.33,0.93
669084,DL Hall,2024,13,7,48,5.02,1.60,0,4.40,1.26
669084,DL Hall,2025,20,3,24,3.49,1.06,0,3.96,0.47
669084,DL Hall,2026,11,1,8,2.31,1.54,0,7.71,0.77
607455,Anthony Banda,2017,8,4,26,5.96,1.40,0,3.51,0.35
607455,Anthony Banda,2018,3,1,12,3.68,1.02,0,1.84,0.61
607455,Anthony Banda,2019,3,0,6,6.75,1.50,0,0.00,0.00
607455,Anthony Banda,2020,4,0,10,10.29,2.14,0,6.43,1.29
607455,Anthony Banda,2021,5,0,14,7.36,2.05,0,1.23,2.45
607455,Anthony Banda,2021,25,0,25,3.42,1.41,0,4.10,1.37
607455,Anthony Banda,2021,30,0,39,4.28,1.54,0,3.48,1.60
607455,Anthony Banda,2022,23,0,34,6.41,1.98,0,2.29,1.37
607455,Anthony Banda,2022,7,1,7,4.26,1.58,0,4.26,1.42
607455,Anthony Banda,2022,2,0,2,40.50,10.50,0,67.50,0.00
607455,Anthony Banda,2022,32,1,43,6.75,2.10,0,4.39,1.35
607455,Anthony Banda,2023,10,0,9,6.43,2.00,0,6.43,1.29
607455,Anthony Banda,2024,48,2,44,3.08,1.25,0,3.26,0.91
607455,Anthony Banda,2025,71,1,45,3.18,1.22,0,4.71,1.11
607455,Anthony Banda,2026,10,0,12,9.31,1.45,0,1.86,0.93
675848,Juan Mejia,2025,55,0,52,3.96,1.26,0,3.67,0.88
675848,Juan Mejia,2026,9,1,15,6.30,1.90,0,3.60,0.90
656686,Corbin Martin,2019,5,5,23,5.59,1.81,0,5.59,3.72
656686,Corbin Martin,2021,5,3,23,10.69,2.31,0,7.88,2.81
656686,Corbin Martin,2022,7,2,25,4.84,1.66,0,4.84,1.21
656686,Corbin Martin,2025,17,0,22,6.00,1.72,0,4.50,2.00
656686,Corbin Martin,2026,3,0,1,0.00,0.67,0,3.00,0.00
571510,Matthew Boyd,2015,2,2,15,14.85,2.40,0,1.35,6.75
571510,Matthew Boyd,2015,11,10,56,6.57,1.48,0,3.38,2.13
571510,Matthew Boyd,2015,13,12,71,7.53,1.59,0,3.14,2.67
571510,Matthew Boyd,2016,20,18,97,4.53,1.29,0,2.68,1.57
571510,Matthew Boyd,2017,26,25,157,5.27,1.56,1,3.53,1.20
571510,Matthew Boyd,2018,31,31,146,4.39,1.16,0,2.69,1.43
571510,Matthew Boyd,2019,32,32,178,4.56,1.23,0,2.43,1.89
571510,Matthew Boyd,2020,12,12,67,6.71,1.48,0,3.28,2.24
571510,Matthew Boyd,2021,15,15,77,3.89,1.27,0,2.63,1.03
571510,Matthew Boyd,2022,10,0,5,1.35,0.98,0,5.40,0.00
571510,Matthew Boyd,2023,15,15,69,5.45,1.32,0,3.17,1.39
571510,Matthew Boyd,2024,8,8,32,2.72,1.13,0,2.95,0.91
571510,Matthew Boyd,2025,31,31,154,3.21,1.09,0,2.10,0.95
571510,Matthew Boyd,2026,3,3,13,5.79,1.14,0,1.93,0.64
607192,Tyler Glasnow,2016,7,4,22,4.24,1.50,0,5.01,0.77
607192,Tyler Glasnow,2017,15,13,81,7.69,2.02,0,6.39,1.89
607192,Tyler Glasnow,2018,34,0,47,4.34,1.45,0,5.46,0.80
607192,Tyler Glasnow,2018,11,11,42,4.20,1.10,0,3.07,1.62
607192,Tyler Glasnow,2018,45,11,89,4.27,1.27,0,4.27,1.21
607192,Tyler Glasnow,2019,12,12,40,1.78,0.89,0,2.08,0.59
607192,Tyler Glasnow,2020,11,11,43,4.08,1.13,0,3.45,1.73
607192,Tyler Glasnow,2021,14,14,55,2.66,0.93,0,2.76,1.02
607192,Tyler Glasnow,2022,2,2,4,1.35,0.90,0,2.70,1.35
607192,Tyler Glasnow,2023,21,21,93,3.53,1.08,0,2.78,0.98
607192,Tyler Glasnow,2024,22,22,92,3.49,0.95,0,2.35,1.01
607192,Tyler Glasnow,2025,18,18,56,3.19,1.10,0,4.28,1.00
607192,Tyler Glasnow,2026,5,5,15,2.89,0.79,0,2.25,0.64
681911,Alex Vesia,2020,5,0,7,18.69,3.23,0,14.54,6.23
681911,Alex Vesia,2021,41,0,17,2.25,0.98,0,4.95,1.35
681911,Alex Vesia,2022,63,0,37,2.15,1.12,0,3.98,0.33
681911,Alex Vesia,2023,56,1,52,4.35,1.39,0,3.08,1.27
681911,Alex Vesia,2024,67,0,33,1.76,0.99,0,4.48,0.95
681911,Alex Vesia,2025,68,0,37,3.02,0.99,0,3.32,1.36
681911,Alex Vesia,2026,10,0,2,0.00,0.58,0,3.12,0.00
663855,Jordan Hicks,2018,73,0,59,3.59,1.34,0,5.21,0.23
663855,Jordan Hicks,2019,29,0,16,3.14,0.94,0,3.45,0.63
663855,Jordan Hicks,2021,10,0,5,5.40,1.50,0,9.00,0.00
663855,Jordan Hicks,2022,35,8,46,4.84,1.32,0,5.14,0.73
663855,Jordan Hicks,2023,40,0,39,3.67,1.51,0,5.18,0.43
663855,Jordan Hicks,2023,25,0,18,2.63,1.08,0,3.00,0.75
663855,Jordan Hicks,2023,65,0,57,3.29,1.36,0,4.39,0.55
663855,Jordan Hicks,2024,29,20,112,4.10,1.45,0,3.86,0.98
663855,Jordan Hicks,2025,13,9,55,6.47,1.54,0,3.70,0.55
663855,Jordan Hicks,2025,21,0,25,8.20,1.98,0,5.79,1.45
663855,Jordan Hicks,2025,34,9,80,6.95,1.66,0,4.28,0.80
663855,Jordan Hicks,2026,12,0,13,4.76,2.03,0,7.94,0.00
518886,Craig Kimbrel,2010,21,0,9,0.44,1.21,0,6.97,0.00
518886,Craig Kimbrel,2011,79,0,48,2.10,1.04,0,3.74,0.35
518886,Craig Kimbrel,2012,63,0,27,1.01,0.65,0,2.01,0.43
518886,Craig Kimbrel,2013,68,0,39,1.21,0.88,0,2.69,0.54
518886,Craig Kimbrel,2014,63,0,30,1.61,0.91,0,3.79,0.29
518886,Craig Kimbrel,2015,61,0,40,2.58,1.04,0,3.34,0.91
518886,Craig Kimbrel,2016,57,0,28,3.40,1.09,0,5.09,0.68
518886,Craig Kimbrel,2017,67,0,33,1.43,0.68,0,1.83,0.78
518886,Craig Kimbrel,2018,63,0,31,2.74,0.99,0,4.48,1.01
518886,Craig Kimbrel,2019,23,0,21,6.53,1.60,0,5.23,3.92
518886,Craig Kimbrel,2020,18,0,10,5.28,1.43,0,7.04,1.17
518886,Craig Kimbrel,2021,39,0,13,0.49,0.71,0,3.19,0.25
518886,Craig Kimbrel,2021,24,0,18,5.09,1.22,0,3.91,1.96
518886,Craig Kimbrel,2021,63,0,31,2.26,0.91,0,3.47,0.91
518886,Craig Kimbrel,2022,63,0,51,3.75,1.32,0,4.20,0.60
518886,Craig Kimbrel,2023,71,0,44,3.26,1.04,0,3.65,1.30
518886,Craig Kimbrel,2024,57,0,40,5.33,1.36,0,5.33,1.20
518886,Craig Kimbrel,2025,1,0,1,0.00,2.00,0,9.00,0.00
518886,Craig Kimbrel,2025,13,0,9,2.45,1.36,0,4.91,1.64
518886,Craig Kimbrel,2025,14,0,10,2.25,1.42,0,5.25,1.50
518886,Craig Kimbrel,2026,4,0,3,0.00,1.09,0,2.45,0.00
666808,Camilo Doval,2021,29,0,19,3.00,1.04,0,3.00,1.33
666808,Camilo Doval,2022,68,0,54,2.53,1.24,0,3.99,0.53
666808,Camilo Doval,2023,69,0,51,2.93,1.14,0,3.46,0.40
666808,Camilo Doval,2024,62,0,54,4.88,1.58,0,5.95,0.76
666808,Camilo Doval,2025,47,0,32,3.09,1.20,0,4.63,0.39
666808,Camilo Doval,2025,22,0,19,4.82,1.61,0,5.30,0.96
666808,Camilo Doval,2025,69,0,51,3.58,1.32,0,4.82,0.55
666808,Camilo Doval,2026,10,0,9,7.56,1.20,0,1.08,2.16
641745,Brad Keller,2018,41,20,133,3.08,1.30,0,3.21,0.45
641745,Brad Keller,2019,28,28,154,4.19,1.35,0,3.81,0.82
641745,Brad Keller,2020,9,9,39,2.47,1.02,1,2.80,0.33
641745,Brad Keller,2021,26,26,158,5.39,1.66,0,4.31,1.21
641745,Brad Keller,2022,35,22,153,5.09,1.50,0,3.67,1.10
641745,Brad Keller,2023,11,9,42,4.57,1.92,0,8.93,0.60
641745,Brad Keller,2024,5,2,17,4.86,1.38,0,3.24,2.70
641745,Brad Keller,2024,11,0,31,5.84,1.62,0,3.28,1.46
641745,Brad Keller,2024,16,2,48,5.44,1.52,0,3.27,1.96
641745,Brad Keller,2025,68,1,45,2.07,0.96,0,2.84,0.52
641745,Brad Keller,2026,11,0,9,4.35,1.16,0,2.61,1.74
607067,Colin Rea,2015,6,6,29,4.26,1.26,0,3.13,0.57
607067,Colin Rea,2016,19,18,101,4.98,1.46,0,3.99,1.09
607067,Colin Rea,2016,1,1,1,0.00,0.30,0,0.00,0.00
607067,Colin Rea,2016,20,19,102,4.82,1.42,0,3.86,1.05
607067,Colin Rea,2020,9,2,15,5.79,1.21,0,1.29,1.93
607067,Colin Rea,2021,1,0,7,7.50,1.17,0,0.00,3.00
607067,Colin Rea,2023,26,22,110,4.55,1.19,0,2.74,1.66
607067,Colin Rea,2024,32,27,169,4.29,1.26,0,2.31,1.56
607067,Colin Rea,2025,32,27,155,3.95,1.25,0,2.49,1.13
607067,Colin Rea,2026,5,2,20,3.00,1.04,0,1.88,0.75
663158,Robert Suarez,2022,45,0,29,2.27,1.05,0,3.97,0.76
663158,Robert Suarez,2023,26,0,15,4.23,0.90,0,3.25,1.30
663158,Robert Suarez,2024,65,0,52,2.77,1.05,0,2.22,0.97
663158,Robert Suarez,2025,70,0,47,2.97,0.90,0,2.07,0.78
663158,Robert Suarez,2026,11,0,8,0.84,0.84,0,0.84,0.00
660761,José Suarez,2019,19,15,100,7.11,1.64,0,3.67,2.56
660761,José Suarez,2020,2,2,10,38.57,6.43,0,19.29,3.86
660761,José Suarez,2021,23,14,85,3.75,1.23,0,3.29,1.01
660761,José Suarez,2022,22,20,103,3.96,1.25,0,2.72,1.16
660761,José Suarez,2023,11,7,46,8.29,1.96,0,5.35,2.67
660761,José Suarez,2024,22,3,57,6.02,1.61,0,4.64,1.20
660761,José Suarez,2025,7,1,15,1.86,1.29,0,4.66,0.47
660761,José Suarez,2026,6,1,17,5.02,1.81,0,5.65,0.00
656234,Jake Bird,2022,38,0,45,4.91,1.43,0,4.34,1.32
656234,Jake Bird,2023,70,3,94,4.33,1.35,0,2.72,0.60
656234,Jake Bird,2024,35,0,43,4.50,1.70,0,5.63,1.13
656234,Jake Bird,2025,45,0,56,4.73,1.48,0,3.88,0.84
656234,Jake Bird,2025,3,0,4,27.00,3.00,0,9.00,9.00
656234,Jake Bird,2025,48,0,60,5.53,1.54,0,4.07,1.14
656234,Jake Bird,2026,8,0,9,7.71,1.43,0,1.29,1.29
543056,Danny Coulombe,2014,5,0,5,4.15,1.62,0,4.15,2.08
543056,Danny Coulombe,2015,5,0,9,7.56,1.80,0,6.48,0.00
543056,Danny Coulombe,2015,9,0,8,3.52,1.43,0,3.52,0.00
543056,Danny Coulombe,2015,14,0,17,5.63,1.63,0,5.06,0.00
543056,Danny Coulombe,2016,35,0,37,4.53,1.13,0,3.21,1.13
543056,Danny Coulombe,2017,72,0,46,3.48,1.32,0,3.83,0.70
543056,Danny Coulombe,2018,27,0,24,4.56,1.48,0,4.18,1.90
543056,Danny Coulombe,2020,2,0,2,0.00,1.88,0,10.13,0.00
543056,Danny Coulombe,2021,29,1,35,3.67,1.22,0,1.83,1.31
543056,Danny Coulombe,2022,10,0,7,1.46,1.30,0,6.57,0.00
543056,Danny Coulombe,2023,61,0,45,2.81,1.11,0,2.10,0.70
543056,Danny Coulombe,2024,33,0,15,2.12,0.67,0,1.52,0.91
543056,Danny Coulombe,2025,40,1,21,1.16,0.97,0,2.61,0.00
543056,Danny Coulombe,2025,15,0,11,5.25,1.67,0,6.75,2.25
543056,Danny Coulombe,2025,55,1,32,2.30,1.16,0,3.77,0.63
543056,Danny Coulombe,2026,9,0,4,3.18,1.24,0,4.76,1.59
642397,Gregory Soto,2019,33,7,74,5.77,1.86,0,5.15,1.40
642397,Gregory Soto,2020,27,0,16,4.30,1.26,0,5.09,0.78
642397,Gregory Soto,2021,62,0,46,3.39,1.35,0,5.65,0.99
642397,Gregory Soto,2022,64,0,49,3.28,1.38,0,5.07,0.30
642397,Gregory Soto,2023,69,0,47,4.62,1.14,0,3.28,0.90
642397,Gregory Soto,2024,43,0,36,4.08,1.58,0,5.09,0.51
642397,Gregory Soto,2024,23,0,20,5.09,1.53,0,3.57,1.02
642397,Gregory Soto,2024,66,0,56,4.42,1.57,0,4.58,0.68
642397,Gregory Soto,2025,45,0,29,3.96,1.29,0,4.46,0.50
642397,Gregory Soto,2025,25,0,33,4.50,1.63,0,2.25,0.75
642397,Gregory Soto,2025,70,0,62,4.18,1.43,0,3.58,0.60
642397,Gregory Soto,2026,13,0,5,2.13,0.87,0,4.26,0.71
669276,Dylan Lee,2021,2,0,3,9.00,1.50,0,0.00,4.50
669276,Dylan Lee,2022,46,0,40,2.13,0.99,0,1.78,0.89
669276,Dylan Lee,2023,24,1,24,4.18,1.35,0,3.04,1.52
669276,Dylan Lee,2024,52,0,49,2.11,1.11,0,2.56,1.06
669276,Dylan Lee,2025,74,0,53,3.29,0.98,0,1.84,1.71
669276,Dylan Lee,2026,13,0,5,0.75,0.58,0,1.50,0.00
547179,Michael Lorenzen,2015,27,21,131,5.40,1.66,0,4.53,1.43
547179,Michael Lorenzen,2016,35,0,41,2.88,1.08,0,2.34,0.90
547179,Michael Lorenzen,2017,70,0,78,4.45,1.35,0,3.69,0.98
547179,Michael Lorenzen,2018,45,3,78,3.11,1.38,0,3.78,0.67
547179,Michael Lorenzen,2019,73,0,68,2.92,1.15,0,3.02,0.97
547179,Michael Lorenzen,2020,18,2,30,4.28,1.40,0,4.54,0.80
547179,Michael Lorenzen,2021,27,0,26,5.59,1.38,0,4.34,0.62
547179,Michael Lorenzen,2022,18,18,81,4.24,1.28,0,4.05,1.01
547179,Michael Lorenzen,2023,18,18,89,3.58,1.10,0,2.30,0.94
547179,Michael Lorenzen,2023,11,7,49,5.51,1.46,1,3.80,1.71
547179,Michael Lorenzen,2023,29,25,138,4.18,1.21,1,2.76,1.18
547179,Michael Lorenzen,2024,19,18,82,3.81,1.28,0,4.25,1.33
547179,Michael Lorenzen,2024,7,6,19,1.57,1.08,0,3.77,0.63
547179,Michael Lorenzen,2024,26,24,101,3.31,1.24,0,4.14,1.17
547179,Michael Lorenzen,2025,27,26,149,4.64,1.33,0,2.48,1.59
547179,Michael Lorenzen,2026,6,5,40,7.48,2.12,0,2.49,1.66
593958,Eduardo Rodriguez,2015,21,21,120,3.85,1.29,0,2.74,0.96
593958,Eduardo Rodriguez,2016,20,20,99,4.71,1.30,0,3.36,1.35
593958,Eduardo Rodriguez,2017,25,24,126,4.19,1.28,0,3.28,1.25
593958,Eduardo Rodriguez,2018,27,23,119,3.82,1.26,0,3.12,1.11
593958,Eduardo Rodriguez,2019,34,34,195,3.81,1.33,0,3.32,1.06
593958,Eduardo Rodriguez,2021,32,31,172,4.74,1.39,0,2.68,1.08
593958,Eduardo Rodriguez,2022,17,17,87,4.05,1.33,0,3.36,1.19
593958,Eduardo Rodriguez,2023,26,26,128,3.30,1.15,0,2.83,0.88
593958,Eduardo Rodriguez,2024,10,10,56,5.04,1.50,0,3.42,1.44
593958,Eduardo Rodriguez,2025,29,29,178,5.02,1.54,0,3.50,1.46
593958,Eduardo Rodriguez,2026,5,5,25,2.89,1.32,0,3.86,1.29
666661,Juan Morillo,2025,42,0,38,4.19,1.69,0,5.24,0.52
666661,Juan Morillo,2026,12,0,7,2.38,0.97,0,3.18,0.79
676879,Aaron Ashby,2021,13,4,25,4.55,1.17,0,3.41,1.14
676879,Aaron Ashby,2022,27,19,106,4.44,1.43,0,3.94,1.26
676879,Aaron Ashby,2024,14,2,20,2.86,1.06,0,3.18,0.64
676879,Aaron Ashby,2025,43,1,54,2.16,1.17,0,3.24,0.40
676879,Aaron Ashby,2026,13,1,14,2.93,1.50,0,5.28,0.59
642232,Ryan Yarbrough,2018,38,6,140,3.91,1.29,0,3.05,1.10
642232,Ryan Yarbrough,2019,28,14,121,4.13,1.00,0,1.27,0.95
642232,Ryan Yarbrough,2020,11,9,54,3.56,1.19,0,1.94,0.81
642232,Ryan Yarbrough,2021,30,21,163,5.11,1.23,0,1.57,1.45
642232,Ryan Yarbrough,2022,20,9,88,4.50,1.38,0,2.48,1.35
642232,Ryan Yarbrough,2023,14,7,52,4.24,1.20,0,1.59,0.88
642232,Ryan Yarbrough,2023,11,2,44,4.89,1.27,0,1.16,1.86
642232,Ryan Yarbrough,2023,25,9,96,4.52,1.23,0,1.41,1.30
642232,Ryan Yarbrough,2024,32,0,52,3.74,1.14,0,3.34,1.20
642232,Ryan Yarbrough,2024,12,0,18,2.01,0.80,0,2.01,0.57
642232,Ryan Yarbrough,2024,44,0,70,3.19,1.03,0,2.92,1.00
642232,Ryan Yarbrough,2025,19,8,58,4.36,1.20,0,2.67,1.83
642232,Ryan Yarbrough,2026,5,0,7,5.63,1.25,0,3.38,1.13
592094,Jason Adam,2018,31,0,30,6.12,1.39,0,4.18,2.51
592094,Jason Adam,2019,23,0,15,2.91,1.15,0,4.15,0.42
592094,Jason Adam,2020,13,0,9,3.29,1.24,0,5.27,1.32
592094,Jason Adam,2021,12,0,10,5.91,1.50,0,5.06,0.84
592094,Jason Adam,2022,67,0,31,1.56,0.76,0,2.42,0.71
592094,Jason Adam,2023,56,0,35,2.98,1.01,0,3.31,1.16
592094,Jason Adam,2024,47,0,26,2.49,0.89,0,3.06,0.77
592094,Jason Adam,2024,27,0,14,1.01,0.79,0,2.36,0.34
592094,Jason Adam,2024,74,0,40,1.95,0.86,0,2.81,0.61
592094,Jason Adam,2025,65,0,50,1.93,1.15,0,3.44,0.55
592094,Jason Adam,2026,6,0,4,1.93,1.07,0,1.93,0.00
670280,David Bednar,2019,13,0,10,6.55,1.36,0,4.09,2.45
670280,David Bednar,2020,4,0,11,7.11,2.05,0,2.84,1.42
670280,David Bednar,2021,61,0,40,2.23,0.97,0,2.82,0.74
670280,David Bednar,2022,45,0,42,2.61,1.12,0,2.79,0.70
670280,David Bednar,2023,66,0,53,2.00,1.10,0,2.81,0.40
670280,David Bednar,2024,62,0,54,5.77,1.42,0,4.37,1.40
670280,David Bednar,2025,42,0,32,2.37,1.11,0,2.37,0.47
670280,David Bednar,2025,22,0,14,2.19,0.93,0,3.28,0.73
670280,David Bednar,2025,64,0,46,2.30,1.04,0,2.73,0.57
670280,David Bednar,2026,10,0,12,3.72,1.76,0,4.66,0.00
623149,Paul Sewald,2017,57,0,58,4.55,1.21,0,2.89,1.10
623149,Paul Sewald,2018,46,0,62,6.07,1.51,0,3.67,1.28
623149,Paul Sewald,2019,17,0,18,4.58,1.07,0,1.37,1.37
623149,Paul Sewald,2020,5,0,12,13.50,2.67,0,6.00,1.50
623149,Paul Sewald,2021,62,0,42,3.06,1.02,0,3.34,1.39
623149,Paul Sewald,2022,65,0,32,2.67,0.77,0,2.39,1.41
623149,Paul Sewald,2023,45,0,30,2.93,1.02,0,2.93,1.05
623149,Paul Sewald,2023,20,0,16,3.57,1.47,0,5.09,1.53
623149,Paul Sewald,2023,65,0,46,3.12,1.15,0,3.56,1.19
623149,Paul Sewald,2024,42,0,35,4.31,1.13,0,2.27,1.36
623149,Paul Sewald,2025,18,0,14,4.70,1.17,0,2.35,1.76
623149,Paul Sewald,2025,4,0,4,4.15,1.38,0,4.15,2.08
623149,Paul Sewald,2025,22,0,18,4.58,1.22,0,2.75,1.83
623149,Paul Sewald,2026,11,0,5,1.93,0.64,0,0.96,1.93
665795,Edward Cabrera,2021,7,7,24,5.81,1.63,0,6.49,2.05
665795,Edward Cabrera,2022,14,14,44,3.01,1.07,0,4.14,1.26
665795,Edward Cabrera,2023,22,20,78,4.24,1.44,0,5.96,0.99
665795,Edward Cabrera,2024,20,20,82,4.95,1.37,0,4.67,1.40
665795,Edward Cabrera,2025,26,26,121,3.53,1.23,0,3.14,1.11
665795,Edward Cabrera,2026,5,5,24,2.73,1.18,0,3.34,0.61
656464,Kevin Ginkel,2019,25,0,15,1.48,0.99,0,3.33,0.74
656464,Kevin Ginkel,2020,19,0,21,6.75,2.13,0,7.31,1.69
656464,Kevin Ginkel,2021,32,0,30,6.35,1.55,0,4.45,2.22
656464,Kevin Ginkel,2022,30,0,27,3.38,1.30,0,3.38,0.31
656464,Kevin Ginkel,2023,60,0,41,2.48,0.98,0,3.17,0.41
656464,Kevin Ginkel,2024,72,0,69,3.21,1.20,0,1.93,0.77
656464,Kevin Ginkel,2025,29,0,29,7.36,1.64,0,4.56,0.70
656464,Kevin Ginkel,2026,10,0,10,4.66,1.34,0,2.79,0.00
445276,Kenley Jansen,2010,25,0,12,0.67,1.00,0,5.00,0.00
445276,Kenley Jansen,2011,51,0,30,2.85,1.04,0,4.36,0.50
445276,Kenley Jansen,2012,65,0,33,2.35,0.85,0,3.05,0.83
445276,Kenley Jansen,2013,75,0,48,1.88,0.86,0,2.11,0.70
445276,Kenley Jansen,2014,68,0,55,2.76,1.13,0,2.62,0.69
445276,Kenley Jansen,2015,54,0,33,2.41,0.78,0,1.38,1.03
445276,Kenley Jansen,2016,71,0,35,1.83,0.67,0,1.44,0.52
445276,Kenley Jansen,2017,65,0,44,1.32,0.75,0,0.92,0.66
445276,Kenley Jansen,2018,69,0,54,3.01,0.99,0,2.13,1.63
445276,Kenley Jansen,2019,62,0,51,3.71,1.06,0,2.29,1.29
445276,Kenley Jansen,2020,27,0,19,3.33,1.15,0,3.33,0.74
445276,Kenley Jansen,2021,69,0,36,2.22,1.04,0,4.70,0.52
445276,Kenley Jansen,2022,65,0,45,3.38,1.05,0,3.09,1.13
445276,Kenley Jansen,2023,51,0,40,3.63,1.28,0,3.43,1.01
445276,Kenley Jansen,2024,54,0,38,3.29,1.06,0,3.29,0.66
445276,Kenley Jansen,2025,62,0,37,2.59,0.95,0,2.90,1.22
445276,Kenley Jansen,2026,8,0,5,1.35,1.20,0,4.05,1.35
573204,Caleb Thielbar,2013,49,0,24,1.76,0.83,0,2.74,0.78
573204,Caleb Thielbar,2014,54,0,51,3.40,1.41,0,3.02,0.57
573204,Caleb Thielbar,2015,6,0,5,5.40,1.00,0,0.00,0.00
573204,Caleb Thielbar,2020,17,0,14,2.25,1.15,0,4.05,0.00
573204,Caleb Thielbar,2021,59,0,55,3.23,1.17,0,2.81,1.13
573204,Caleb Thielbar,2022,67,0,51,3.49,1.16,0,2.73,0.76
573204,Caleb Thielbar,2023,36,0,23,3.23,0.95,0,1.76,2.05
573204,Caleb Thielbar,2024,59,0,50,5.32,1.56,0,4.56,1.14
573204,Caleb Thielbar,2025,67,0,38,2.64,0.88,0,2.02,0.78
573204,Caleb Thielbar,2026,10,0,5,2.08,1.04,0,4.15,1.04
656794,Sean Newcomb,2017,19,19,100,4.32,1.57,0,5.13,0.90
656794,Sean Newcomb,2018,31,30,137,3.90,1.33,0,4.45,0.99
656794,Sean Newcomb,2019,55,4,61,3.16,1.32,0,3.82,1.05
656794,Sean Newcomb,2020,4,4,20,11.20,1.90,0,3.95,2.63
656794,Sean Newcomb,2021,32,0,28,4.73,1.70,0,7.52,0.28
656794,Sean Newcomb,2022,3,0,7,7.20,2.20,0,7.20,1.80
656794,Sean Newcomb,2022,17,1,26,9.13,1.81,0,5.96,2.78
656794,Sean Newcomb,2022,20,1,33,8.78,1.88,0,6.18,2.60
656794,Sean Newcomb,2023,7,2,8,3.00,1.13,0,5.40,0.60
656794,Sean Newcomb,2024,7,0,9,6.30,1.70,0,7.20,1.80
656794,Sean Newcomb,2025,12,5,55,3.95,1.76,0,3.73,0.66
656794,Sean Newcomb,2025,36,0,39,1.75,1.03,0,2.45,0.35
656794,Sean Newcomb,2025,48,5,94,2.73,1.35,0,3.02,0.49
656794,Sean Newcomb,2026,11,0,19,4.60,1.60,0,3.45,0.00
622608,Antonio Senzatela,2017,36,20,128,4.68,1.30,0,3.14,1.20
622608,Antonio Senzatela,2018,23,13,94,4.38,1.37,0,2.99,1.00
622608,Antonio Senzatela,2019,25,25,161,6.71,1.75,0,4.11,1.37
622608,Antonio Senzatela,2020,12,12,71,3.44,1.21,0,2.21,1.10
622608,Antonio Senzatela,2021,28,28,178,4.42,1.34,0,1.84,0.69
622608,Antonio Senzatela,2022,19,19,133,5.07,1.69,0,2.24,0.88
622608,Antonio Senzatela,2023,2,2,7,4.70,1.17,0,2.35,3.52
622608,Antonio Senzatela,2024,3,3,15,6.57,1.86,0,5.84,2.19
622608,Antonio Senzatela,2025,30,23,192,6.65,1.84,0,3.25,1.52
622608,Antonio Senzatela,2026,7,0,8,0.55,0.73,0,2.20,0.00
641927,Bailey Ober,2021,20,20,92,4.19,1.20,0,1.85,1.95
641927,Bailey Ober,2022,11,11,48,3.21,1.05,0,1.77,0.64
641927,Bailey Ober,2023,26,26,125,3.43,1.07,0,1.81,1.37
641927,Bailey Ober,2024,31,31,136,3.98,1.00,0,2.17,1.36
641927,Bailey Ober,2025,27,27,159,5.10,1.30,0,1.91,1.85
641927,Bailey Ober,2026,5,5,23,4.15,1.23,0,3.12,0.69
676979,Garrett Crochet,2020,5,0,3,0.00,0.50,0,0.00,0.00
676979,Garrett Crochet,2021,54,0,42,2.82,1.27,0,4.47,0.33
676979,Garrett Crochet,2023,13,0,12,3.55,1.97,0,9.24,0.71
676979,Garrett Crochet,2024,32,32,123,3.58,1.07,0,2.03,1.11
676979,Garrett Crochet,2025,32,32,165,2.59,1.03,1,2.02,1.05
676979,Garrett Crochet,2026,5,5,30,7.88,1.63,0,3.38,1.88
676477,Garrett Whitlock,2021,46,0,64,1.96,1.10,0,2.09,0.74
676477,Garrett Whitlock,2022,31,9,65,3.45,1.02,0,1.72,1.15
676477,Garrett Whitlock,2023,22,10,82,5.15,1.33,0,1.63,1.63
676477,Garrett Whitlock,2024,4,4,14,1.96,1.15,0,3.44,0.49
676477,Garrett Whitlock,2025,62,0,54,2.25,1.08,0,3.00,0.25
676477,Garrett Whitlock,2026,9,0,5,2.00,1.11,0,5.00,1.00
657612,Tim Hill,2018,70,0,46,4.53,1.31,0,2.76,0.79
657612,Tim Hill,2019,46,0,31,3.63,1.11,0,2.95,0.91
657612,Tim Hill,2020,23,0,17,4.50,1.28,0,3.00,1.50
657612,Tim Hill,2021,78,0,51,3.62,1.24,0,3.47,1.36
657612,Tim Hill,2022,55,0,45,3.56,1.23,0,2.63,0.19
657612,Tim Hill,2023,48,0,59,5.48,1.65,0,2.84,1.42
657612,Tim Hill,2024,27,0,41,5.87,2.22,0,3.91,0.00
657612,Tim Hill,2024,35,0,36,2.05,1.02,0,1.84,0.41
657612,Tim Hill,2024,62,0,77,3.36,1.43,0,2.55,0.27
657612,Tim Hill,2025,70,0,58,3.09,1.10,0,2.15,1.07
657612,Tim Hill,2026,10,0,5,0.90,0.50,0,0.00,0.00
641793,Zack Littell,2018,8,2,25,6.20,1.77,0,4.87,1.33
641793,Zack Littell,2019,29,0,34,2.68,1.16,0,2.19,0.97
641793,Zack Littell,2020,6,0,12,9.95,2.37,0,4.26,7.11
641793,Zack Littell,2021,63,2,46,2.92,1.14,0,3.50,1.02
641793,Zack Littell,2022,39,0,48,5.08,1.38,0,2.64,1.62
641793,Zack Littell,2023,2,0,3,9.00,2.00,0,9.00,0.00
641793,Zack Littell,2023,26,14,91,3.93,1.15,0,0.93,1.34
641793,Zack Littell,2023,28,14,94,4.10,1.18,0,1.20,1.30
641793,Zack Littell,2024,29,29,164,3.63,1.25,0,1.78,1.27
641793,Zack Littell,2025,22,22,128,3.58,1.12,0,1.42,1.75
641793,Zack Littell,2025,10,10,46,4.39,1.07,0,1.86,1.69
641793,Zack Littell,2025,32,32,174,3.81,1.10,0,1.54,1.74
641793,Zack Littell,2026,5,4,34,7.56,1.68,0,2.88,3.96
608331,Max Fried,2017,9,4,30,3.81,1.62,0,4.15,1.04
608331,Max Fried,2018,14,5,26,2.94,1.37,0,5.35,0.80
608331,Max Fried,2019,33,30,174,4.02,1.33,0,2.55,1.14
608331,Max Fried,2020,11,11,42,2.25,1.09,0,3.05,0.32
608331,Max Fried,2021,28,28,139,3.04,1.09,2,2.23,0.81
608331,Max Fried,2022,30,30,156,2.48,1.01,0,1.55,0.58
608331,Max Fried,2023,14,14,70,2.55,1.13,1,2.09,0.81
608331,Max Fried,2024,29,29,146,3.25,1.16,1,2.94,0.67
608331,Max Fried,2025,32,32,164,2.86,1.10,0,2.35,0.65
608331,Max Fried,2026,6,6,22,2.40,0.77,0,2.18,0.22
678020,Seth Halvorsen,2024,12,0,8,1.46,0.81,0,1.46,1.46
678020,Seth Halvorsen,2025,42,0,41,4.99,1.56,0,4.76,1.59
543135,Nathan Eovaldi,2011,10,6,28,3.63,1.38,0,5.19,0.52
543135,Nathan Eovaldi,2012,10,10,63,4.15,1.47,0,3.20,0.80
543135,Nathan Eovaldi,2012,12,12,70,4.43,1.54,0,3.86,0.71
543135,Nathan Eovaldi,2012,22,22,133,4.30,1.51,0,3.54,0.75
543135,Nathan Eovaldi,2013,18,18,100,3.39,1.32,0,3.39,0.59
543135,Nathan Eovaldi,2014,33,33,223,4.37,1.33,0,1.94,0.63
543135,Nathan Eovaldi,2015,27,27,175,4.20,1.45,0,2.86,0.58
543135,Nathan Eovaldi,2016,24,21,123,4.76,1.31,0,2.89,1.66
543135,Nathan Eovaldi,2018,10,10,48,4.26,0.98,0,1.26,1.74
543135,Nathan Eovaldi,2018,12,11,57,3.33,1.28,0,2.00,0.50
543135,Nathan Eovaldi,2018,22,21,105,3.81,1.13,0,1.62,1.14
543135,Nathan Eovaldi,2019,23,12,72,5.99,1.58,0,4.66,2.13
543135,Nathan Eovaldi,2020,9,9,51,3.72,1.20,0,1.30,1.49
543135,Nathan Eovaldi,2021,32,32,182,3.75,1.19,0,1.73,0.74
543135,Nathan Eovaldi,2022,20,20,115,3.87,1.23,1,1.65,1.73
543135,Nathan Eovaldi,2023,25,25,117,3.63,1.14,1,2.94,0.94
543135,Nathan Eovaldi,2024,29,29,147,3.80,1.11,0,2.21,1.21
543135,Nathan Eovaldi,2025,22,22,90,1.73,0.85,1,1.45,0.69
543135,Nathan Eovaldi,2026,5,5,33,5.06,1.54,0,2.70,1.69
664199,Taylor Clarke,2019,23,15,86,5.31,1.37,0,3.19,2.44
664199,Taylor Clarke,2020,12,5,35,4.36,1.29,0,4.36,1.66
664199,Taylor Clarke,2021,43,0,52,4.98,1.52,0,2.91,0.83
664199,Taylor Clarke,2022,47,0,50,4.04,1.18,0,1.47,1.10
664199,Taylor Clarke,2023,58,2,71,5.95,1.61,0,3.66,1.83
664199,Taylor Clarke,2025,51,0,38,3.25,0.85,0,1.46,1.30
664199,Taylor Clarke,2026,12,0,9,3.55,0.71,0,0.00,0.71
641755,Tyler Kinley,2018,4,0,9,24.30,3.90,0,10.80,5.40
641755,Tyler Kinley,2018,9,0,6,7.04,1.30,0,4.70,0.00
641755,Tyler Kinley,2018,13,0,15,12.27,2.09,0,6.55,1.64
641755,Tyler Kinley,2019,52,0,43,3.65,1.60,0,6.57,0.91
641755,Tyler Kinley,2020,24,0,13,5.32,1.06,0,4.56,0.76
641755,Tyler Kinley,2021,70,0,59,4.73,1.21,0,3.33,1.54
641755,Tyler Kinley,2022,25,0,21,0.75,1.13,0,2.25,0.00
641755,Tyler Kinley,2023,18,0,21,6.06,1.65,0,3.31,1.65
641755,Tyler Kinley,2024,67,0,61,6.19,1.47,0,4.64,1.55
641755,Tyler Kinley,2025,49,0,42,5.66,1.45,0,5.10,0.94
641755,Tyler Kinley,2025,24,0,11,0.72,0.68,0,2.16,0.36
641755,Tyler Kinley,2025,73,0,53,3.96,1.18,0,4.09,0.74
641755,Tyler Kinley,2026,12,0,4,0.82,0.82,0,4.09,0.00
663558,Jovani Moran,2021,5,0,9,7.88,2.00,0,7.88,0.00
663558,Jovani Moran,2022,31,0,25,2.21,1.06,0,3.98,0.00
663558,Jovani Moran,2023,43,0,35,5.31,1.46,0,5.74,0.64
663558,Jovani Moran,2025,2,0,5,6.75,2.00,0,6.75,0.00
663558,Jovani Moran,2026,7,0,6,2.03,1.05,0,5.40,0.67
518876,Merrill Kelly,2019,32,32,184,4.42,1.31,0,2.80,1.42
518876,Merrill Kelly,2020,5,5,26,2.59,0.99,0,1.44,1.44
518876,Merrill Kelly,2021,27,27,163,4.44,1.29,0,2.34,1.20
518876,Merrill Kelly,2022,33,33,167,3.37,1.14,0,2.74,0.94
518876,Merrill Kelly,2023,30,30,143,3.29,1.19,0,3.50,1.01
518876,Merrill Kelly,2024,13,13,67,4.03,1.17,0,2.32,1.34
518876,Merrill Kelly,2025,22,22,98,3.22,1.06,0,2.66,0.98
518876,Merrill Kelly,2025,10,10,59,4.23,1.25,0,1.63,1.46
518876,Merrill Kelly,2025,32,32,157,3.52,1.11,0,2.35,1.13
518876,Merrill Kelly,2026,2,2,15,9.31,2.28,0,6.52,3.72
571945,Miles Mikolas,2012,25,0,32,3.62,1.45,0,4.18,1.11
571945,Miles Mikolas,2013,2,0,0,0.00,0.60,0,5.40,0.00
571945,Miles Mikolas,2014,10,10,64,6.44,1.43,0,2.83,1.26
571945,Miles Mikolas,2018,32,32,186,2.83,1.07,1,1.30,0.72
571945,Miles Mikolas,2019,32,32,193,4.16,1.22,1,1.57,1.32
571945,Miles Mikolas,2021,9,9,43,4.23,1.21,0,2.22,1.21
571945,Miles Mikolas,2022,33,32,170,3.29,1.03,0,1.73,1.11
571945,Miles Mikolas,2023,35,35,226,4.78,1.32,0,1.74,1.16
571945,Miles Mikolas,2024,32,32,194,5.35,1.28,0,1.31,1.36
571945,Miles Mikolas,2025,31,31,169,4.84,1.32,0,2.13,1.67
571945,Miles Mikolas,2026,5,3,29,9.15,1.98,0,4.58,2.75
680767,Victor Vodnik,2023,6,0,15,8.31,2.08,0,3.12,0.00
680767,Victor Vodnik,2024,64,0,72,4.28,1.48,0,4.52,0.86
680767,Victor Vodnik,2025,52,0,45,3.02,1.40,0,4.62,0.71
680767,Victor Vodnik,2026,9,0,13,3.60,1.80,0,4.50,0.90
647336,Michael Soroka,2018,5,5,30,3.51,1.44,0,2.45,0.35
647336,Michael Soroka,2019,29,29,153,2.68,1.11,0,2.11,0.72
647336,Michael Soroka,2020,3,3,11,3.95,1.32,0,4.61,0.00
647336,Michael Soroka,2023,7,6,36,6.40,1.48,0,3.34,2.51
647336,Michael Soroka,2024,25,9,66,4.74,1.38,0,4.97,1.47
647336,Michael Soroka,2025,16,16,68,4.87,1.13,0,2.66,1.22
647336,Michael Soroka,2025,6,1,4,1.08,1.08,0,5.40,1.08
647336,Michael Soroka,2025,22,17,72,4.52,1.13,0,2.91,1.20
647336,Michael Soroka,2026,5,5,25,2.70,1.16,0,2.03,0.67
572143,Burch Smith,2013,10,7,39,6.44,1.65,0,5.20,2.23
572143,Burch Smith,2018,38,6,90,6.92,1.67,0,4.62,1.73
572143,Burch Smith,2019,7,0,16,7.82,2.05,0,7.11,2.13
572143,Burch Smith,2019,10,0,10,2.08,1.62,0,4.15,0.00
572143,Burch Smith,2019,17,0,26,5.48,1.88,0,5.91,1.27
572143,Burch Smith,2020,6,0,7,2.25,0.67,0,0.75,0.75
572143,Burch Smith,2021,31,0,49,5.40,1.38,0,2.28,1.04
572143,Burch Smith,2024,25,0,39,4.25,1.62,0,2.73,0.30
572143,Burch Smith,2024,25,0,25,5.74,1.05,0,1.01,1.69
572143,Burch Smith,2024,50,0,64,4.95,1.35,0,1.92,0.96
572143,Burch Smith,2026,1,0,1,0.00,1.50,0,6.75,0.00
656605,Mitch Keller,2019,11,11,72,7.13,1.83,0,3.00,1.13
656605,Mitch Keller,2020,5,5,9,2.91,1.25,0,7.48,1.66
656605,Mitch Keller,2021,23,23,131,6.17,1.79,0,4.38,0.89
656605,Mitch Keller,2022,31,29,162,3.91,1.40,0,3.40,0.79
656605,Mitch Keller,2023,32,32,187,4.21,1.25,1,2.55,1.16
656605,Mitch Keller,2024,31,31,182,4.25,1.30,0,2.53,1.16
656605,Mitch Keller,2025,32,32,171,4.19,1.26,0,2.60,1.07
656605,Mitch Keller,2026,5,5,23,2.79,1.10,0,2.79,0.31
548384,Brooks Raley,2012,5,5,33,8.14,1.81,0,4.07,2.59
548384,Brooks Raley,2013,9,0,11,5.14,1.36,0,5.14,1.29
548384,Brooks Raley,2020,4,0,5,9.00,1.75,0,4.50,0.00
548384,Brooks Raley,2020,17,0,8,3.94,0.75,0,2.25,1.69
548384,Brooks Raley,2020,21,0,13,4.95,0.95,0,2.70,1.35
548384,Brooks Raley,2021,58,0,43,4.78,1.20,0,2.94,1.10
548384,Brooks Raley,2022,60,0,37,2.68,0.97,0,2.52,0.50
548384,Brooks Raley,2023,66,0,44,2.80,1.26,0,4.12,0.66
548384,Brooks Raley,2024,8,0,2,0.00,0.71,0,3.86,0.00
548384,Brooks Raley,2025,30,0,14,2.45,0.78,0,2.10,0.00
548384,Brooks Raley,2026,10,0,6,2.08,1.15,0,4.15,1.04
668678,Zac Gallen,2019,7,7,25,2.72,1.18,0,4.46,0.74
668678,Zac Gallen,2019,8,8,37,2.89,1.26,0,3.71,1.03
668678,Zac Gallen,2019,15,15,62,2.81,1.23,0,4.05,0.90
668678,Zac Gallen,2020,12,12,55,2.75,1.11,0,3.13,1.13
668678,Zac Gallen,2021,23,23,108,4.30,1.29,1,3.63,1.41
668678,Zac Gallen,2022,31,31,121,2.54,0.91,0,2.30,0.73
668678,Zac Gallen,2023,34,34,188,3.47,1.12,1,2.01,0.94
668678,Zac Gallen,2024,28,28,133,3.65,1.26,0,3.28,0.79
668678,Zac Gallen,2025,33,33,176,4.83,1.26,0,3.09,1.45
668678,Zac Gallen,2026,5,5,31,3.51,1.48,0,2.45,0.70
640448,Kyle Finnegan,2020,25,0,21,2.92,1.38,0,4.74,0.73
640448,Kyle Finnegan,2021,68,0,64,3.55,1.48,0,4.64,1.23
640448,Kyle Finnegan,2022,66,0,54,3.51,1.14,0,2.97,1.21
640448,Kyle Finnegan,2023,67,0,66,3.76,1.30,0,3.12,1.43
640448,Kyle Finnegan,2024,65,0,61,3.68,1.34,0,3.39,1.27
640448,Kyle Finnegan,2025,40,0,36,4.38,1.28,0,3.23,0.69
640448,Kyle Finnegan,2025,16,0,9,1.50,0.72,0,2.00,0.50
640448,Kyle Finnegan,2025,56,0,45,3.47,1.11,0,2.84,0.63
640448,Kyle Finnegan,2026,11,0,5,0.00,1.18,0,6.55,0.00
670970,Adrian Morejon,2019,5,2,15,10.13,2.25,0,3.38,1.13
670970,Adrian Morejon,2020,9,4,20,4.66,1.24,0,1.86,3.26
670970,Adrian Morejon,2021,2,2,5,3.86,1.50,0,3.86,3.86
670970,Adrian Morejon,2022,26,0,31,4.24,1.18,0,2.38,1.06
670970,Adrian Morejon,2023,8,1,14,7.00,2.11,0,5.00,1.00
670970,Adrian Morejon,2024,60,0,63,2.83,1.32,0,2.97,0.57
670970,Adrian Morejon,2025,75,0,49,2.08,0.90,0,2.08,0.24
670970,Adrian Morejon,2026,10,0,15,6.17,1.46,0,1.54,0.00
657746,Joe Ryan,2021,5,5,16,4.05,0.79,0,1.69,1.35
657746,Joe Ryan,2022,27,27,115,3.55,1.10,0,2.88,1.22
657746,Joe Ryan,2023,29,29,155,4.51,1.17,1,1.89,1.78
657746,Joe Ryan,2024,23,23,110,3.60,0.99,0,1.53,1.27
657746,Joe Ryan,2025,31,30,138,3.42,1.04,0,2.05,1.37
657746,Joe Ryan,2026,5,5,18,3.29,0.88,0,1.98,0.33
621112,Paul Blackburn,2017,10,10,58,3.22,1.26,0,2.45,0.77
621112,Paul Blackburn,2018,6,6,33,7.16,1.41,0,1.95,0.65
621112,Paul Blackburn,2019,4,1,19,10.64,2.09,0,3.27,2.45
621112,Paul Blackburn,2020,1,1,5,27.00,3.00,0,7.71,0.00
621112,Paul Blackburn,2021,9,9,52,5.87,1.62,0,2.35,1.88
621112,Paul Blackburn,2022,21,21,110,4.28,1.26,0,2.43,1.21
621112,Paul Blackburn,2023,21,20,117,4.43,1.54,0,3.73,0.95
621112,Paul Blackburn,2024,9,9,45,4.41,1.16,0,2.47,1.41
621112,Paul Blackburn,2024,5,5,31,5.18,1.56,0,2.59,1.48
621112,Paul Blackburn,2024,14,14,76,4.66,1.29,0,2.51,1.43
621112,Paul Blackburn,2025,7,4,31,6.85,1.65,0,3.04,1.14
621112,Paul Blackburn,2025,8,0,16,5.28,1.30,0,2.35,1.76
621112,Paul Blackburn,2025,15,4,47,6.23,1.51,0,2.77,1.38
621112,Paul Blackburn,2026,6,0,12,4.50,1.88,0,3.38,0.00
605540,Brandon Woodruff,2017,8,8,43,4.81,1.33,0,2.93,1.05
605540,Brandon Woodruff,2018,19,4,36,3.61,1.18,0,2.98,0.85
605540,Brandon Woodruff,2019,22,22,109,3.62,1.14,0,2.22,0.89
605540,Brandon Woodruff,2020,13,13,55,3.05,0.99,0,2.20,1.10
605540,Brandon Woodruff,2021,30,30,130,2.56,0.96,0,2.16,0.90
605540,Brandon Woodruff,2022,27,27,122,3.05,1.07,0,2.47,1.06
605540,Brandon Woodruff,2023,11,11,40,2.28,0.82,1,2.01,1.21
605540,Brandon Woodruff,2025,12,12,45,3.20,0.91,0,1.95,1.25
605540,Brandon Woodruff,2026,4,4,18,3.42,0.93,0,1.52,1.14
607200,Erick Fedde,2017,3,3,25,9.39,2.15,0,4.70,2.93
607200,Erick Fedde,2018,11,11,55,5.54,1.53,0,3.93,1.43
607200,Erick Fedde,2019,21,12,81,4.50,1.46,0,3.81,1.27
607200,Erick Fedde,2020,11,8,47,4.29,1.37,0,3.93,1.79
607200,Erick Fedde,2021,29,27,144,5.47,1.44,0,3.24,1.55
607200,Erick Fedde,2022,27,27,149,5.81,1.63,0,4.11,1.49
607200,Erick Fedde,2024,21,21,105,3.11,1.14,0,2.52,1.04
607200,Erick Fedde,2024,10,10,49,3.72,1.20,0,2.91,0.97
607200,Erick Fedde,2024,31,31,154,3.30,1.16,0,2.64,1.02
607200,Erick Fedde,2025,20,20,106,5.22,1.50,1,4.16,1.24
607200,Erick Fedde,2025,5,4,30,8.10,1.84,0,5.01,1.16
607200,Erick Fedde,2025,7,0,11,3.38,1.13,0,3.94,1.13
607200,Erick Fedde,2025,32,24,147,5.49,1.52,1,4.28,1.21
607200,Erick Fedde,2026,4,3,16,3.92,1.11,0,3.05,1.31
664285,Framber Valdez,2018,8,5,22,2.19,1.24,0,5.84,0.73
664285,Framber Valdez,2019,26,8,74,5.86,1.67,0,5.60,1.15
664285,Framber Valdez,2020,11,10,63,3.57,1.12,0,2.04,0.64
664285,Framber Valdez,2021,22,22,110,3.14,1.25,0,3.88,0.80
664285,Framber Valdez,2022,31,31,166,2.82,1.16,1,3.00,0.49
664285,Framber Valdez,2023,31,31,166,3.45,1.13,2,2.59,0.86
664285,Framber Valdez,2024,28,28,140,2.91,1.11,0,2.81,0.66
664285,Framber Valdez,2025,31,31,171,3.66,1.24,0,3.19,0.70
664285,Framber Valdez,2026,5,5,27,3.30,1.20,0,2.70,0.30
571948,Hoby Milner,2017,37,0,30,2.01,1.47,0,4.60,0.57
571948,Hoby Milner,2018,10,0,6,7.71,1.93,0,5.79,1.93
571948,Hoby Milner,2018,4,0,3,6.75,1.88,0,6.75,6.75
571948,Hoby Milner,2018,14,0,9,7.36,1.91,0,6.14,3.68
571948,Hoby Milner,2019,4,0,4,7.36,1.36,0,2.45,0.00
571948,Hoby Milner,2020,19,0,13,8.10,1.43,0,4.05,3.37
571948,Hoby Milner,2021,19,0,30,5.40,1.52,0,1.25,3.32
571948,Hoby Milner,2022,67,0,61,3.76,1.18,0,2.09,0.70
571948,Hoby Milner,2023,73,0,49,1.82,0.96,0,1.82,0.70
571948,Hoby Milner,2024,61,1,63,4.73,1.19,0,1.95,0.84
571948,Hoby Milner,2025,73,0,68,3.84,1.27,0,2.69,0.64
571948,Hoby Milner,2026,12,0,9,2.19,1.05,0,2.92,0.73
664141,JT Brubaker,2020,11,9,48,4.94,1.37,0,3.23,1.14
664141,JT Brubaker,2021,24,24,123,5.36,1.29,0,2.75,2.03
664141,JT Brubaker,2022,28,28,157,4.69,1.47,0,3.38,1.06
664141,JT Brubaker,2025,12,0,10,3.38,1.19,0,5.06,0.00
664141,JT Brubaker,2025,5,1,13,4.26,1.26,0,2.13,0.00
664141,JT Brubaker,2025,17,1,23,3.77,1.22,0,3.77,0.00
664141,JT Brubaker,2026,9,0,10,2.38,1.59,0,6.35,0.79
676684,Will Vest,2021,32,0,38,6.17,1.60,0,4.63,0.51
676684,Will Vest,2022,59,2,62,4.00,1.33,0,3.14,0.86
676684,Will Vest,2023,48,4,40,2.98,1.10,0,2.42,0.56
676684,Will Vest,2024,69,0,61,2.82,1.12,0,2.30,0.38
676684,Will Vest,2025,64,0,61,3.01,1.21,0,2.88,0.52
676684,Will Vest,2026,11,0,9,5.40,1.40,0,4.50,0.00
656427,Jack Flaherty,2017,6,5,23,6.33,1.55,0,4.22,1.69
656427,Jack Flaherty,2018,28,28,108,3.34,1.11,0,3.52,1.19
656427,Jack Flaherty,2019,33,33,135,2.75,0.97,0,2.52,1.15
656427,Jack Flaherty,2020,9,9,33,4.91,1.21,0,3.57,1.34
656427,Jack Flaherty,2021,17,15,57,3.22,1.06,0,2.99,1.38
656427,Jack Flaherty,2022,9,8,36,4.25,1.61,0,5.50,1.00
656427,Jack Flaherty,2023,20,20,116,4.43,1.55,0,4.43,0.82
656427,Jack Flaherty,2023,9,7,46,6.75,1.67,0,3.12,1.82
656427,Jack Flaherty,2023,29,27,162,4.99,1.58,0,4.12,1.06
656427,Jack Flaherty,2024,18,18,83,2.95,0.96,0,1.60,1.27
656427,Jack Flaherty,2024,10,10,52,3.58,1.28,0,3.09,1.46
656427,Jack Flaherty,2024,28,28,135,3.17,1.07,0,2.11,1.33
656427,Jack Flaherty,2025,31,31,147,4.64,1.28,0,3.30,1.29
656427,Jack Flaherty,2026,5,5,17,3.47,1.59,0,7.71,0.39
518585,Fernando Cruz,2022,14,2,9,1.23,1.23,0,5.52,0.61
518585,Fernando Cruz,2023,58,2,52,4.91,1.21,0,3.82,0.82
518585,Fernando Cruz,2024,69,3,54,4.86,1.34,0,4.73,1.21
518585,Fernando Cruz,2025,49,0,33,3.56,1.19,0,4.50,0.94
518585,Fernando Cruz,2026,10,0,4,2.45,1.50,0,8.59,0.00
666200,Jesús Luzardo,2019,6,0,5,1.50,0.67,0,2.25,0.75
666200,Jesús Luzardo,2020,12,9,58,4.12,1.27,0,2.59,1.37
666200,Jesús Luzardo,2021,13,6,46,6.87,1.63,0,3.79,2.61
666200,Jesús Luzardo,2021,12,12,60,6.44,1.60,0,5.02,1.41
666200,Jesús Luzardo,2021,25,18,106,6.61,1.62,0,4.53,1.89
666200,Jesús Luzardo,2022,18,18,69,3.32,1.04,0,3.14,0.90
666200,Jesús Luzardo,2023,32,32,162,3.58,1.21,0,2.77,1.11
666200,Jesús Luzardo,2024,12,12,61,5.00,1.25,0,2.97,1.21
666200,Jesús Luzardo,2025,32,32,167,3.92,1.22,0,2.79,0.78
666200,Jesús Luzardo,2026,5,5,33,6.91,1.54,0,2.96,0.99
642528,Jonathan Loáisiga,2018,9,4,26,5.11,1.54,0,4.38,1.09
642528,Jonathan Loáisiga,2019,15,4,31,4.55,1.48,0,4.55,1.71
642528,Jonathan Loáisiga,2020,12,3,21,3.52,1.22,0,2.74,1.17
642528,Jonathan Loáisiga,2021,57,0,56,2.17,1.02,0,2.04,0.38
642528,Jonathan Loáisiga,2022,50,0,43,4.13,1.29,0,3.56,0.56
642528,Jonathan Loáisiga,2023,17,0,14,3.06,0.85,0,0.51,1.02
642528,Jonathan Loáisiga,2024,3,0,7,0.00,2.00,0,2.25,0.00
642528,Jonathan Loáisiga,2025,30,0,34,4.25,1.48,0,3.03,2.12
642528,Jonathan Loáisiga,2026,11,0,13,3.97,1.32,0,1.59,0.79
500779,Jose Quintana,2012,25,22,142,3.76,1.35,0,2.77,0.92
500779,Jose Quintana,2013,33,33,188,3.51,1.22,0,2.52,1.04
500779,Jose Quintana,2014,32,32,197,3.32,1.24,0,2.34,0.45
500779,Jose Quintana,2015,32,32,218,3.36,1.27,1,1.92,0.70
500779,Jose Quintana,2016,32,32,192,3.20,1.16,0,2.16,0.95
500779,Jose Quintana,2017,18,18,98,4.49,1.32,0,3.45,1.21
500779,Jose Quintana,2017,14,14,72,3.74,1.10,1,2.24,0.96
500779,Jose Quintana,2017,32,32,170,4.15,1.22,1,2.91,1.10
500779,Jose Quintana,2018,32,32,162,4.03,1.32,0,3.51,1.29
500779,Jose Quintana,2019,32,31,191,4.68,1.39,0,2.42,1.05
500779,Jose Quintana,2020,4,1,10,4.50,1.30,0,2.70,0.90
500779,Jose Quintana,2021,24,10,66,6.75,1.78,0,4.89,1.52
500779,Jose Quintana,2021,5,0,8,4.66,1.45,0,5.59,2.79
500779,Jose Quintana,2021,29,10,74,6.43,1.73,0,5.00,1.71
500779,Jose Quintana,2022,20,20,100,3.50,1.27,0,2.71,0.61
500779,Jose Quintana,2022,12,12,54,2.01,1.12,0,2.30,0.14
500779,Jose Quintana,2022,32,32,154,2.93,1.21,0,2.55,0.43
500779,Jose Quintana,2023,13,13,75,3.57,1.31,0,2.85,0.59
500779,Jose Quintana,2024,31,31,150,3.75,1.25,0,3.33,1.16
500779,Jose Quintana,2025,24,24,120,3.96,1.29,0,3.42,1.23
500779,Jose Quintana,2026,3,3,15,6.23,1.85,0,6.23,2.08
642701,Dennis Santana,2018,1,0,6,12.27,1.91,0,2.45,0.00
642701,Dennis Santana,2019,3,0,6,7.20,2.00,0,7.20,1.80
642701,Dennis Santana,2020,12,0,15,5.29,1.29,0,3.71,2.12
642701,Dennis Santana,2021,16,0,18,6.00,1.93,0,6.60,0.00
642701,Dennis Santana,2021,39,0,30,3.63,1.29,0,4.76,0.91
642701,Dennis Santana,2021,55,0,48,4.28,1.46,0,5.27,0.66
642701,Dennis Santana,2022,63,1,50,5.22,1.33,0,4.30,0.31
642701,Dennis Santana,2023,9,0,10,5.91,1.59,0,5.91,1.69
642701,Dennis Santana,2024,23,0,27,6.26,1.35,0,3.29,0.66
642701,Dennis Santana,2024,39,0,30,2.44,0.92,0,2.23,0.41
642701,Dennis Santana,2024,62,0,57,3.89,1.09,0,2.64,0.50
642701,Dennis Santana,2025,70,0,44,2.18,0.87,0,2.18,0.64
642701,Dennis Santana,2026,12,0,4,0.75,0.75,0,3.75,0.00
663767,Chase Shugart,2024,6,0,8,4.15,1.27,0,3.12,1.04
663767,Chase Shugart,2025,35,0,33,3.40,1.11,0,3.40,1.20
663767,Chase Shugart,2026,5,0,6,1.42,1.26,0,2.84,1.42
656849,David Peterson,2020,10,9,36,3.44,1.21,0,4.35,0.91
656849,David Peterson,2021,15,15,64,5.54,1.40,0,3.92,1.48
656849,David Peterson,2022,28,19,93,3.83,1.33,0,4.09,0.94
656849,David Peterson,2023,27,21,124,5.03,1.57,0,4.05,1.30
656849,David Peterson,2024,21,21,110,2.90,1.29,0,3.42,0.60
656849,David Peterson,2025,30,30,166,4.22,1.37,1,3.47,0.59
656849,David Peterson,2026,5,4,29,5.40,1.67,0,3.86,0.39
656730,Trevor Megill,2021,28,0,36,8.37,1.86,0,3.04,2.66
656730,Trevor Megill,2022,39,0,50,4.80,1.49,0,3.40,0.80
656730,Trevor Megill,2023,31,2,35,3.63,1.36,0,3.12,0.52
656730,Trevor Megill,2024,48,0,33,2.72,1.01,0,2.72,0.78
656730,Trevor Megill,2025,50,0,36,2.49,1.13,0,3.26,0.57
656730,Trevor Megill,2026,10,0,9,8.00,1.44,0,4.00,0.00
615698,Cal Quantrill,2019,23,18,106,5.16,1.30,0,2.45,1.31
615698,Cal Quantrill,2020,10,1,17,2.60,1.33,0,3.12,1.04
615698,Cal Quantrill,2020,8,2,14,1.84,1.09,0,1.23,1.23
615698,Cal Quantrill,2020,18,3,31,2.25,1.22,0,2.25,1.13
615698,Cal Quantrill,2021,40,22,129,2.89,1.18,0,2.83,0.96
615698,Cal Quantrill,2022,32,32,178,3.38,1.21,0,2.27,1.01
615698,Cal Quantrill,2023,19,19,111,5.24,1.46,0,3.16,0.99
615698,Cal Quantrill,2024,29,29,156,4.98,1.52,0,4.19,1.40
615698,Cal Quantrill,2025,24,24,122,5.50,1.39,0,2.46,1.40
615698,Cal Quantrill,2025,2,2,14,13.50,2.38,0,5.63,5.63
615698,Cal Quantrill,2025,26,26,136,6.04,1.45,0,2.68,1.68
615698,Cal Quantrill,2026,2,0,4,6.75,1.50,0,4.50,0.00
471911,Carlos Carrasco,2009,5,5,40,8.87,2.28,0,4.43,2.42
471911,Carlos Carrasco,2010,7,7,47,3.83,1.37,0,2.82,1.21
471911,Carlos Carrasco,2011,21,21,130,4.62,1.36,0,2.89,1.08
471911,Carlos Carrasco,2013,15,7,64,6.75,1.76,0,3.47,0.77
471911,Carlos Carrasco,2014,40,14,103,2.55,0.99,1,1.95,0.47
471911,Carlos Carrasco,2015,30,30,154,3.63,1.07,1,2.11,0.88
471911,Carlos Carrasco,2016,25,25,134,3.32,1.15,1,2.09,1.29
471911,Carlos Carrasco,2017,32,32,173,3.29,1.10,0,2.07,0.95
471911,Carlos Carrasco,2018,32,30,173,3.38,1.13,0,2.02,0.98
471911,Carlos Carrasco,2019,23,12,92,5.29,1.35,1,1.80,2.03
471911,Carlos Carrasco,2020,12,12,55,2.91,1.21,0,3.57,1.06
471911,Carlos Carrasco,2021,12,12,59,6.04,1.43,0,3.02,2.01
471911,Carlos Carrasco,2022,29,29,161,3.97,1.33,0,2.43,1.01
471911,Carlos Carrasco,2023,20,20,115,6.80,1.70,0,3.80,1.80
471911,Carlos Carrasco,2024,21,21,112,5.64,1.40,0,2.86,1.65
471911,Carlos Carrasco,2025,8,6,39,5.91,1.53,0,2.81,1.97
471911,Carlos Carrasco,2025,3,3,22,9.88,2.12,0,4.61,1.98
471911,Carlos Carrasco,2025,11,9,61,7.09,1.71,0,3.35,1.97
471911,Carlos Carrasco,2026,1,0,0,0.00,0.00,0,0.00,0.00
664875,Justin Lawrence,2021,19,0,21,8.64,2.40,0,10.26,0.00
664875,Justin Lawrence,2022,38,0,44,5.70,1.55,0,4.64,0.63
664875,Justin Lawrence,2023,69,0,65,3.72,1.35,0,4.32,0.60
664875,Justin Lawrence,2024,56,0,73,6.49,1.78,0,4.98,1.36
664875,Justin Lawrence,2025,17,0,9,0.51,0.96,0,4.08,0.00
664875,Justin Lawrence,2026,11,0,11,6.55,1.45,0,4.09,2.45
592662,Robbie Ray,2014,9,6,43,8.16,1.88,0,3.45,1.57
592662,Robbie Ray,2015,23,23,121,3.52,1.33,0,3.45,0.63
592662,Robbie Ray,2016,32,32,185,4.90,1.47,0,3.67,1.24
592662,Robbie Ray,2017,28,28,116,2.89,1.15,1,3.94,1.28
592662,Robbie Ray,2018,24,24,97,3.93,1.35,0,5.09,1.38
592662,Robbie Ray,2019,33,33,150,4.34,1.34,0,4.34,1.55
592662,Robbie Ray,2020,7,7,31,7.84,2.00,0,9.00,2.61
592662,Robbie Ray,2020,5,4,22,4.79,1.74,0,6.10,1.74
592662,Robbie Ray,2020,12,11,53,6.62,1.90,0,7.84,2.26
592662,Robbie Ray,2021,32,32,150,2.84,1.04,0,2.42,1.54
592662,Robbie Ray,2022,32,32,163,3.71,1.19,0,2.95,1.52
592662,Robbie Ray,2023,1,1,4,8.10,2.70,0,13.50,0.00
592662,Robbie Ray,2024,7,7,20,4.70,1.14,0,4.40,1.76
592662,Robbie Ray,2025,32,32,148,3.65,1.21,0,3.60,1.09
592662,Robbie Ray,2026,5,5,20,2.86,1.09,0,3.49,1.59
621111,Walker Buehler,2017,8,0,11,7.71,2.04,0,7.71,1.93
621111,Walker Buehler,2018,24,23,95,2.62,0.96,0,2.42,0.79
621111,Walker Buehler,2019,30,30,153,3.26,1.04,0,1.83,0.99
621111,Walker Buehler,2020,8,8,24,3.44,0.95,0,2.70,1.72
621111,Walker Buehler,2021,33,33,149,2.47,0.97,0,2.25,0.82
621111,Walker Buehler,2022,12,12,67,4.02,1.29,1,2.35,1.11
621111,Walker Buehler,2024,16,16,89,5.38,1.55,0,3.35,1.91
621111,Walker Buehler,2025,23,22,120,5.45,1.56,0,4.41,1.76
621111,Walker Buehler,2025,3,2,10,0.66,1.17,0,3.95,0.00
621111,Walker Buehler,2025,26,24,130,4.93,1.52,0,4.36,1.57
621111,Walker Buehler,2026,5,5,24,5.75,1.62,0,3.98,0.44
663554,Casey Mize,2020,7,7,29,6.99,1.48,0,4.13,2.22
663554,Casey Mize,2021,30,30,130,3.71,1.14,0,2.45,1.44
663554,Casey Mize,2022,2,2,13,5.40,1.50,0,1.80,0.90
663554,Casey Mize,2024,22,20,121,4.49,1.47,0,2.55,0.97
663554,Casey Mize,2025,28,28,153,3.87,1.27,0,2.17,1.27
663554,Casey Mize,2026,5,5,23,2.51,1.15,0,3.14,0.63
642759,Julian Fernández,2021,6,0,9,10.80,1.95,0,5.40,2.70
642759,Julian Fernández,2025,1,0,2,9.00,1.50,0,4.50,4.50
642759,Julian Fernández,2025,3,0,1,3.00,0.67,0,3.00,3.00
642759,Julian Fernández,2025,4,0,3,5.40,1.00,0,3.60,3.60
642759,Julian Fernández,2026,3,0,4,6.75,1.50,0,4.50,2.25
676917,Cade Cavalli,2022,1,1,6,14.54,1.85,0,4.15,0.00
676917,Cade Cavalli,2025,10,10,57,4.25,1.48,0,2.77,1.29
676917,Cade Cavalli,2026,6,6,29,4.01,1.66,0,4.38,0.00
641302,Tyler Alexander,2019,13,8,68,4.86,1.40,0,1.17,1.51
641302,Tyler Alexander,2020,14,2,39,3.96,1.32,0,2.23,1.98
641302,Tyler Alexander,2021,41,15,106,3.81,1.26,0,2.37,1.35
641302,Tyler Alexander,2022,27,17,108,4.81,1.32,0,2.23,1.60
641302,Tyler Alexander,2023,25,1,44,4.50,1.11,0,1.02,1.64
641302,Tyler Alexander,2024,23,9,110,5.10,1.24,0,2.01,1.92
641302,Tyler Alexander,2025,21,4,42,6.19,1.49,0,2.97,0.74
641302,Tyler Alexander,2025,31,1,65,4.26,1.35,0,2.64,0.88
641302,Tyler Alexander,2025,52,5,107,4.98,1.40,0,2.76,0.83
641302,Tyler Alexander,2026,12,0,12,0.68,1.13,0,2.03,0.00
642547,Freddy Peralta,2018,16,14,49,4.25,1.14,0,4.60,0.92
642547,Freddy Peralta,2019,39,8,87,5.29,1.46,0,3.92,1.59
642547,Freddy Peralta,2020,15,1,22,3.99,1.16,0,3.68,0.61
642547,Freddy Peralta,2021,28,27,84,2.81,0.97,0,3.49,0.87
642547,Freddy Peralta,2022,18,17,54,3.58,1.04,0,3.12,0.69
642547,Freddy Peralta,2023,30,30,131,3.86,1.12,0,2.93,1.41
642547,Freddy Peralta,2024,32,32,143,3.68,1.21,0,3.52,1.35
642547,Freddy Peralta,2025,33,33,124,2.70,1.08,0,3.36,1.07
642547,Freddy Peralta,2026,5,5,19,4.05,1.09,0,3.38,1.35
519242,Chris Sale,2010,21,0,15,1.93,1.07,0,3.86,0.77
519242,Chris Sale,2011,58,0,52,2.79,1.11,0,3.42,0.76
519242,Chris Sale,2012,30,29,167,3.05,1.14,0,2.39,0.89
519242,Chris Sale,2013,30,30,184,3.07,1.07,1,1.93,0.97
519242,Chris Sale,2014,26,26,129,2.17,0.97,0,2.02,0.67
519242,Chris Sale,2015,31,31,185,3.41,1.09,0,1.81,0.99
519242,Chris Sale,2016,32,32,190,3.34,1.04,1,1.79,1.07
519242,Chris Sale,2017,32,32,165,2.90,0.97,0,1.81,1.01
519242,Chris Sale,2018,27,27,102,2.11,0.86,0,1.94,0.63
519242,Chris Sale,2019,25,25,123,4.40,1.09,1,2.26,1.47
519242,Chris Sale,2021,9,9,45,3.16,1.34,0,2.53,1.27
519242,Chris Sale,2022,2,2,5,3.18,1.06,0,1.59,0.00
519242,Chris Sale,2023,20,20,87,4.30,1.13,0,2.54,1.31
519242,Chris Sale,2024,29,29,141,2.38,1.01,0,1.98,0.46
519242,Chris Sale,2025,21,20,102,2.58,1.07,0,2.29,0.79
519242,Chris Sale,2026,5,5,22,2.79,1.00,0,2.17,1.55
547973,Aroldis Chapman,2010,15,0,9,2.03,1.05,0,3.38,0.00
547973,Aroldis Chapman,2011,54,0,24,3.60,1.30,0,7.38,0.36
547973,Aroldis Chapman,2012,68,0,35,1.51,0.81,0,2.89,0.50
547973,Aroldis Chapman,2013,68,0,37,2.54,1.04,0,4.10,0.99
547973,Aroldis Chapman,2014,54,0,21,2.00,0.83,0,4.00,0.17
547973,Aroldis Chapman,2015,65,0,43,1.63,1.15,0,4.48,0.41
547973,Aroldis Chapman,2016,31,0,20,2.01,0.89,0,2.30,0.57
547973,Aroldis Chapman,2016,28,0,12,1.01,0.83,0,3.38,0.00
547973,Aroldis Chapman,2016,59,0,32,1.55,0.86,0,2.79,0.31
547973,Aroldis Chapman,2017,52,0,37,3.22,1.13,0,3.58,0.54
547973,Aroldis Chapman,2018,55,0,24,2.45,1.05,0,5.26,0.35
547973,Aroldis Chapman,2019,60,0,38,2.21,1.11,0,3.95,0.47
547973,Aroldis Chapman,2020,13,0,6,3.09,0.86,0,3.09,1.54
547973,Aroldis Chapman,2021,61,0,36,3.36,1.31,0,6.07,1.44
547973,Aroldis Chapman,2022,43,0,24,4.46,1.43,0,6.94,0.99
547973,Aroldis Chapman,2023,31,0,16,2.45,1.23,0,6.14,0.00
547973,Aroldis Chapman,2023,30,0,21,3.72,1.28,0,4.97,1.24
547973,Aroldis Chapman,2023,61,0,37,3.09,1.25,0,5.55,0.62
547973,Aroldis Chapman,2024,68,0,44,3.79,1.35,0,5.69,0.73
547973,Aroldis Chapman,2025,67,0,28,1.17,0.70,0,2.20,0.44
547973,Aroldis Chapman,2026,8,0,5,1.17,1.04,0,3.52,0.00
623454,Drew Anderson,2017,2,0,6,23.14,3.00,0,3.86,0.00
623454,Drew Anderson,2018,5,1,17,4.97,1.50,0,1.42,0.00
623454,Drew Anderson,2019,2,0,6,7.50,2.00,0,9.00,1.50
623454,Drew Anderson,2020,1,0,4,40.50,4.50,0,13.50,13.50
623454,Drew Anderson,2021,9,1,20,3.27,1.18,0,2.45,0.41
623454,Drew Anderson,2026,7,0,12,7.94,1.68,0,5.56,1.59
593974,Wandy Peralta,2016,10,0,11,8.59,2.45,0,8.59,1.23
593974,Wandy Peralta,2017,69,0,53,3.76,1.19,0,3.34,1.11
593974,Wandy Peralta,2018,59,0,58,5.36,1.96,0,6.15,0.40
593974,Wandy Peralta,2019,39,0,36,6.09,1.50,0,3.97,2.65
593974,Wandy Peralta,2019,8,0,4,3.18,0.88,0,1.59,1.59
593974,Wandy Peralta,2019,47,0,40,5.67,1.41,0,3.63,2.50
593974,Wandy Peralta,2020,25,0,22,3.29,1.21,0,3.62,0.99
593974,Wandy Peralta,2021,10,0,11,5.40,1.68,0,3.24,1.08
593974,Wandy Peralta,2021,46,1,38,2.95,1.31,0,3.80,1.05
593974,Wandy Peralta,2021,56,1,49,3.35,1.37,0,3.71,1.06
593974,Wandy Peralta,2022,56,0,42,2.72,1.05,0,2.72,0.32
593974,Wandy Peralta,2023,63,0,36,2.83,1.22,0,5.00,1.17
593974,Wandy Peralta,2024,46,0,33,3.99,1.20,0,3.05,1.41
593974,Wandy Peralta,2025,71,1,66,3.14,1.34,0,3.77,0.63
593974,Wandy Peralta,2026,11,0,13,2.31,1.37,0,2.31,1.54
656641,Jacob Latz,2021,1,1,5,5.79,1.07,0,0.00,5.79
656641,Jacob Latz,2023,3,0,1,0.00,0.63,0,4.26,0.00
656641,Jacob Latz,2024,46,0,39,3.71,1.51,0,5.56,1.24
656641,Jacob Latz,2025,33,8,69,2.84,1.24,0,3.89,0.74
656641,Jacob Latz,2026,11,1,4,1.32,0.51,0,1.98,0.66
573124,Taylor Rogers,2016,57,0,63,3.96,1.29,0,2.35,1.03
573124,Taylor Rogers,2017,69,0,52,3.07,1.31,0,3.40,0.97
573124,Taylor Rogers,2018,72,0,49,2.63,0.95,0,2.11,0.40
573124,Taylor Rogers,2019,60,0,58,2.61,1.00,0,1.43,1.04
573124,Taylor Rogers,2020,21,0,26,4.05,1.50,0,1.80,0.90
573124,Taylor Rogers,2021,40,0,38,3.35,1.14,0,1.79,0.89
573124,Taylor Rogers,2022,42,0,37,4.35,1.11,0,1.96,0.22
573124,Taylor Rogers,2022,24,0,20,5.48,1.30,0,3.91,2.35
573124,Taylor Rogers,2022,66,0,57,4.76,1.18,0,2.66,0.98
573124,Taylor Rogers,2023,60,0,39,3.83,1.24,0,4.35,1.05
573124,Taylor Rogers,2024,64,0,53,2.40,1.25,0,3.30,1.05
573124,Taylor Rogers,2025,40,0,29,2.45,1.45,0,5.18,0.82
573124,Taylor Rogers,2025,17,0,18,5.09,1.25,0,2.04,2.04
573124,Taylor Rogers,2025,57,0,47,3.38,1.38,0,4.09,1.24
573124,Taylor Rogers,2026,10,0,10,4.15,1.62,0,4.15,0.00
672335,Cionel Pérez,2018,8,0,6,3.97,1.15,0,5.56,2.38
672335,Cionel Pérez,2019,5,0,11,10.00,1.44,0,2.00,3.00
672335,Cionel Pérez,2020,7,0,7,2.84,2.05,0,8.53,0.00
672335,Cionel Pérez,2021,25,0,21,6.38,1.71,0,7.50,1.88
672335,Cionel Pérez,2022,66,0,46,1.40,1.16,0,3.28,0.31
672335,Cionel Pérez,2023,65,0,56,3.54,1.56,0,4.56,0.34
672335,Cionel Pérez,2024,62,0,47,4.53,1.40,0,4.70,0.00
672335,Cionel Pérez,2025,19,0,28,8.31,2.12,0,7.48,1.25
672335,Cionel Pérez,2026,13,0,14,8.25,1.92,0,6.75,1.50
679775,Kyle Backhus,2025,32,0,28,4.62,1.42,0,2.84,1.07
679775,Kyle Backhus,2026,8,1,9,5.87,1.30,0,1.17,2.35
657756,Connor Seabold,2021,1,1,3,6.00,1.67,0,6.00,3.00
657756,Connor Seabold,2022,5,5,35,11.29,2.35,0,3.93,2.45
657756,Connor Seabold,2023,27,13,116,7.52,1.65,0,2.89,1.96
657756,Connor Seabold,2025,3,0,7,1.35,1.50,0,4.05,0.00
657756,Connor Seabold,2025,4,0,5,9.82,2.18,0,7.36,2.45
657756,Connor Seabold,2025,7,0,12,4.35,1.74,0,5.23,0.87
657756,Connor Seabold,2026,7,0,11,4.22,1.31,0,2.53,1.69
676571,PJ Poulin,2025,28,0,23,3.65,1.46,0,4.74,0.73
676571,PJ Poulin,2026,14,3,12,4.97,1.58,0,5.68,2.13
650633,Michael King,2019,1,0,2,0.00,1.00,0,0.00,0.00
650633,Michael King,2020,9,4,30,7.76,1.54,0,3.71,1.69
650633,Michael King,2021,22,6,57,3.55,1.28,0,3.41,0.85
650633,Michael King,2022,34,0,35,2.29,1.00,0,2.82,0.53
650633,Michael King,2023,49,9,88,2.75,1.15,0,2.75,0.86
650633,Michael King,2024,31,30,144,2.95,1.19,0,3.26,0.88
650633,Michael King,2025,15,15,62,3.44,1.20,1,3.19,1.47
650633,Michael King,2026,5,5,17,2.28,1.12,0,4.55,0.33
657277,Logan Webb,2019,8,8,44,5.22,1.46,0,3.18,1.13
657277,Logan Webb,2020,13,11,61,5.47,1.56,0,3.98,0.66
657277,Logan Webb,2021,27,26,128,3.03,1.11,0,2.18,0.55
657277,Logan Webb,2022,32,32,174,2.90,1.16,0,2.29,0.51
657277,Logan Webb,2023,33,33,201,3.25,1.07,1,1.29,0.83
657277,Logan Webb,2024,33,33,202,3.47,1.23,1,2.20,0.48
657277,Logan Webb,2025,34,34,210,3.22,1.24,0,2.00,0.61
657277,Logan Webb,2026,6,6,36,5.29,1.41,0,3.18,0.53
605280,Clay Holmes,2018,11,4,30,6.84,2.01,0,7.86,0.68
605280,Clay Holmes,2019,35,0,45,5.58,1.62,0,6.48,0.90
605280,Clay Holmes,2020,1,0,2,0.00,1.50,0,0.00,0.00
605280,Clay Holmes,2021,44,0,35,4.93,1.43,0,5.36,0.64
605280,Clay Holmes,2021,25,0,18,1.61,0.79,0,1.29,0.64
605280,Clay Holmes,2021,69,0,53,3.60,1.17,0,3.73,0.64
605280,Clay Holmes,2022,62,0,45,2.54,1.02,0,2.83,0.28
605280,Clay Holmes,2023,66,0,51,2.86,1.17,0,3.29,0.29
605280,Clay Holmes,2024,67,0,60,3.14,1.30,0,3.14,0.57
605280,Clay Holmes,2025,33,31,150,3.53,1.30,0,3.59,0.76
605280,Clay Holmes,2026,5,5,21,2.10,1.03,0,3.00,0.90
592791,Jameson Taillon,2016,18,18,99,3.38,1.12,0,1.47,1.13
592791,Jameson Taillon,2017,25,25,152,4.44,1.48,0,3.10,0.74
592791,Jameson Taillon,2018,32,32,179,3.20,1.18,1,2.17,0.94
592791,Jameson Taillon,2019,7,7,34,4.10,1.13,0,1.93,0.96
592791,Jameson Taillon,2021,29,29,130,4.30,1.21,0,2.74,1.50
592791,Jameson Taillon,2022,32,32,168,3.91,1.13,0,1.62,1.32
592791,Jameson Taillon,2023,30,29,156,4.84,1.28,0,2.39,1.57
592791,Jameson Taillon,2024,28,28,154,3.27,1.13,0,1.80,1.14
592791,Jameson Taillon,2025,23,23,110,3.68,1.06,0,1.87,1.67
592791,Jameson Taillon,2026,4,4,20,3.97,1.28,0,3.57,2.38
663485,Cole Sands,2022,11,3,35,5.87,1.57,0,3.82,1.17
663485,Cole Sands,2023,15,0,20,3.74,1.52,0,5.40,1.66
663485,Cole Sands,2024,62,0,59,3.28,1.00,0,1.51,0.76
663485,Cole Sands,2025,69,3,65,4.50,1.17,0,2.38,0.88
663485,Cole Sands,2026,10,0,9,3.48,1.26,0,3.48,0.87
657514,Brennan Bernardino,2022,2,0,3,3.86,2.14,0,7.71,0.00
657514,Brennan Bernardino,2023,55,6,48,3.20,1.30,0,3.20,0.71
657514,Brennan Bernardino,2024,57,3,50,4.06,1.41,0,3.88,1.06
657514,Brennan Bernardino,2025,55,3,39,3.14,1.26,0,4.53,0.17
657514,Brennan Bernardino,2026,12,1,9,0.87,1.16,0,2.61,0.00
595014,Blake Treinen,2014,15,7,57,2.49,1.38,0,2.31,0.18
595014,Blake Treinen,2015,60,0,62,3.86,1.39,0,4.26,0.53
595014,Blake Treinen,2016,73,0,51,2.28,1.22,0,4.16,0.67
595014,Blake Treinen,2017,37,0,48,5.73,1.62,0,3.11,0.72
595014,Blake Treinen,2017,35,0,32,2.13,1.16,0,2.84,0.71
595014,Blake Treinen,2017,72,0,80,3.93,1.39,0,2.97,0.71
595014,Blake Treinen,2018,68,0,46,0.78,0.83,0,2.35,0.22
595014,Blake Treinen,2019,57,0,58,4.91,1.62,0,5.68,1.38
595014,Blake Treinen,2020,27,0,23,3.86,1.21,0,2.81,0.35
595014,Blake Treinen,2021,72,0,46,1.99,0.98,0,3.11,0.62
595014,Blake Treinen,2022,5,0,1,1.80,0.40,0,1.80,1.80
595014,Blake Treinen,2024,50,0,33,1.93,0.94,0,2.12,0.96
595014,Blake Treinen,2025,32,0,30,5.40,1.84,0,6.41,1.35
595014,Blake Treinen,2026,9,0,7,4.05,1.50,0,4.05,1.35
605288,Adrian Houser,2015,2,0,1,0.00,1.50,0,9.00,0.00
605288,Adrian Houser,2018,7,0,13,3.29,1.46,0,4.61,0.00
605288,Adrian Houser,2019,35,18,101,3.72,1.24,0,2.99,1.13
605288,Adrian Houser,2020,12,11,63,5.30,1.50,0,3.38,1.29
605288,Adrian Houser,2021,28,26,118,3.22,1.28,1,4.05,0.76
605288,Adrian Houser,2022,22,21,103,4.73,1.46,0,4.12,0.70
605288,Adrian Houser,2023,23,21,121,4.12,1.39,0,2.75,1.05
605288,Adrian Houser,2024,23,7,74,5.84,1.53,0,4.15,1.04
605288,Adrian Houser,2025,11,11,62,2.10,1.22,0,2.88,0.39
605288,Adrian Houser,2025,10,10,60,4.79,1.35,0,2.56,1.12
605288,Adrian Houser,2025,21,21,122,3.31,1.28,0,2.74,0.72
605288,Adrian Houser,2026,4,4,27,5.40,1.57,0,2.91,0.83
663372,Ryan Feltner,2021,2,2,9,11.37,2.21,0,7.11,4.26
663372,Ryan Feltner,2022,20,19,102,5.83,1.41,0,3.24,1.48
663372,Ryan Feltner,2023,10,10,45,5.82,1.68,0,5.82,0.42
663372,Ryan Feltner,2024,30,30,165,4.49,1.34,0,2.88,1.11
663372,Ryan Feltner,2025,6,6,33,4.75,1.48,0,3.56,1.19
663372,Ryan Feltner,2026,5,5,22,6.30,1.50,0,3.60,2.25
621237,José Alvarado,2017,35,0,24,3.64,1.11,0,2.73,0.30
621237,José Alvarado,2018,70,0,42,2.39,1.11,0,4.08,0.14
621237,José Alvarado,2019,35,1,29,4.80,1.87,0,8.10,0.60
621237,José Alvarado,2020,9,0,9,6.00,1.67,0,6.00,2.00
621237,José Alvarado,2021,64,0,42,4.20,1.60,0,7.60,0.81
621237,José Alvarado,2022,59,0,38,3.18,1.22,0,4.24,0.35
621237,José Alvarado,2023,42,0,30,1.74,1.16,0,3.92,0.65
621237,José Alvarado,2024,66,0,49,4.09,1.25,0,4.09,0.88
621237,José Alvarado,2025,28,0,27,3.81,1.31,0,2.42,1.38
621237,José Alvarado,2026,11,0,12,9.82,2.18,0,4.91,0.00
594798,Jacob deGrom,2014,22,22,117,2.69,1.14,0,2.76,0.45
594798,Jacob deGrom,2015,30,30,149,2.54,0.98,0,1.79,0.75
594798,Jacob deGrom,2016,24,24,142,3.04,1.20,1,2.19,0.91
594798,Jacob deGrom,2017,31,31,180,3.53,1.19,0,2.64,1.25
594798,Jacob deGrom,2018,32,32,152,1.70,0.91,0,1.91,0.41
594798,Jacob deGrom,2019,32,32,154,2.43,0.97,0,1.94,0.84
594798,Jacob deGrom,2020,12,12,47,2.38,0.96,0,2.38,0.93
594798,Jacob deGrom,2021,15,15,40,1.08,0.55,1,1.08,0.59
594798,Jacob deGrom,2022,11,11,40,3.08,0.75,0,1.12,1.26
594798,Jacob deGrom,2023,6,6,19,2.67,0.76,0,1.19,0.59
594798,Jacob deGrom,2024,3,3,11,1.69,1.13,0,0.84,0.84
594798,Jacob deGrom,2025,30,30,122,2.97,0.92,0,1.93,1.36
594798,Jacob deGrom,2026,4,4,15,2.29,1.07,0,2.75,1.37
641743,Anthony Kay,2019,3,2,15,5.79,1.43,0,3.21,0.00
641743,Anthony Kay,2020,13,0,22,5.14,1.71,0,6.00,1.29
641743,Anthony Kay,2021,11,5,38,5.61,1.66,0,4.81,1.87
641743,Anthony Kay,2022,1,0,2,4.50,1.50,0,4.50,0.00
641743,Anthony Kay,2023,13,0,12,6.35,1.76,0,6.35,0.79
641743,Anthony Kay,2023,3,0,1,5.40,0.60,0,2.70,2.70
641743,Anthony Kay,2023,16,0,13,6.14,1.50,0,5.52,1.23
641743,Anthony Kay,2026,5,3,21,5.57,1.57,0,5.14,1.71
641835,Tim Mayza,2017,19,0,24,6.88,1.65,0,2.12,1.59
641835,Tim Mayza,2018,37,0,33,3.28,1.32,0,3.53,0.76
641835,Tim Mayza,2019,68,0,45,4.91,1.40,0,4.73,1.40
641835,Tim Mayza,2021,61,0,40,3.40,0.98,0,2.04,0.85
641835,Tim Mayza,2022,63,0,42,3.14,1.11,0,2.22,1.29
641835,Tim Mayza,2023,69,0,50,1.52,1.22,0,2.53,0.34
641835,Tim Mayza,2024,35,0,36,8.03,1.95,0,4.38,1.09
641835,Tim Mayza,2024,15,0,18,4.00,1.17,0,1.50,1.00
641835,Tim Mayza,2024,50,0,54,6.33,1.62,0,3.16,1.05
641835,Tim Mayza,2025,7,0,9,2.89,1.07,0,0.96,0.96
641835,Tim Mayza,2025,8,0,8,4.91,1.64,0,4.91,1.23
641835,Tim Mayza,2025,15,0,17,3.78,1.32,0,2.70,1.08
641835,Tim Mayza,2026,11,0,8,4.85,1.00,0,3.46,1.38
663992,Richard Lovelady,2019,25,0,30,7.65,1.90,0,3.60,0.90
663992,Richard Lovelady,2020,1,0,1,9.00,2.00,0,9.00,9.00
663992,Richard Lovelady,2021,20,0,16,3.48,1.06,0,2.61,1.31
663992,Richard Lovelady,2023,27,0,15,4.63,1.07,0,3.86,1.16
663992,Richard Lovelady,2024,7,0,9,7.94,1.94,0,3.18,1.59
663992,Richard Lovelady,2024,28,0,25,3.77,1.19,0,2.83,0.63
663992,Richard Lovelady,2024,35,0,34,4.46,1.31,0,2.88,0.79
663992,Richard Lovelady,2025,2,0,2,21.60,2.40,0,10.80,0.00
663992,Richard Lovelady,2025,8,0,10,6.30,1.40,0,3.60,2.70
663992,Richard Lovelady,2025,10,0,12,8.49,1.54,0,4.63,2.31
663992,Richard Lovelady,2026,6,0,8,3.68,1.64,0,4.91,1.23
663992,Richard Lovelady,2026,3,0,3,2.25,1.50,0,6.75,0.00
663992,Richard Lovelady,2026,9,0,11,3.18,1.59,0,5.56,0.79
596133,Luke Weaver,2016,9,8,46,5.70,1.60,0,2.97,1.73
596133,Luke Weaver,2017,13,10,59,3.88,1.26,0,2.54,1.04
596133,Luke Weaver,2018,30,25,150,4.95,1.50,0,3.56,1.25
596133,Luke Weaver,2019,12,12,55,2.94,1.07,0,1.96,0.84
596133,Luke Weaver,2020,12,12,63,6.58,1.56,0,3.12,1.73
596133,Luke Weaver,2021,13,13,58,4.25,1.19,0,2.74,1.51
596133,Luke Weaver,2022,12,1,24,7.71,1.78,0,2.76,0.55
596133,Luke Weaver,2022,14,0,28,5.59,1.86,0,3.72,0.00
596133,Luke Weaver,2022,26,1,52,6.56,1.82,0,3.28,0.25
596133,Luke Weaver,2023,21,21,125,6.87,1.64,0,3.15,2.23
596133,Luke Weaver,2023,5,1,16,6.08,1.43,0,2.03,1.35
596133,Luke Weaver,2023,3,3,14,3.38,1.28,0,2.03,2.02
596133,Luke Weaver,2023,29,25,155,6.40,1.58,0,2.91,2.11
596133,Luke Weaver,2024,62,0,52,2.89,0.93,0,2.79,1.07
596133,Luke Weaver,2025,64,0,46,3.62,1.02,0,2.78,1.39
596133,Luke Weaver,2026,10,0,7,5.40,1.10,0,3.60,0.90
640455,Sean Manaea,2016,25,24,135,3.86,1.19,0,2.30,1.24
640455,Sean Manaea,2017,29,29,167,4.37,1.40,0,3.12,1.02
640455,Sean Manaea,2018,27,27,141,3.59,1.08,1,1.79,1.18
640455,Sean Manaea,2019,5,5,16,1.21,0.78,0,2.12,0.91
640455,Sean Manaea,2020,11,11,57,4.50,1.20,0,1.33,1.17
640455,Sean Manaea,2021,32,32,179,3.91,1.23,2,2.06,1.25
640455,Sean Manaea,2022,30,28,155,4.96,1.30,0,2.85,1.65
640455,Sean Manaea,2023,37,10,104,4.44,1.24,0,3.21,1.07
640455,Sean Manaea,2024,32,32,134,3.47,1.08,0,3.12,1.04
640455,Sean Manaea,2025,15,12,62,5.64,1.22,0,1.78,1.93
640455,Sean Manaea,2026,5,0,16,4.50,1.44,0,3.94,1.13
657044,Ryan Thompson,2020,25,1,29,4.44,1.41,0,2.73,1.37
657044,Ryan Thompson,2021,36,0,26,2.38,1.03,0,2.38,0.79
657044,Ryan Thompson,2022,47,0,39,3.80,1.17,0,2.32,0.84
657044,Ryan Thompson,2023,18,0,14,6.11,1.19,0,3.57,1.02
657044,Ryan Thompson,2023,13,0,6,0.69,0.54,0,0.69,0.69
657044,Ryan Thompson,2023,31,0,20,3.82,0.91,0,2.35,0.88
657044,Ryan Thompson,2024,67,0,64,3.26,1.19,0,2.04,0.68
657044,Ryan Thompson,2025,48,0,42,3.92,1.33,0,2.83,0.87
657044,Ryan Thompson,2026,14,0,6,4.66,1.14,0,4.66,1.86
527048,Martín Pérez,2012,12,6,47,5.45,1.63,0,3.55,0.71
527048,Martín Pérez,2013,20,20,129,3.62,1.34,0,2.68,1.09
527048,Martín Pérez,2014,8,8,50,4.38,1.34,2,3.33,0.53
527048,Martín Pérez,2015,14,14,88,4.46,1.42,0,2.75,0.34
527048,Martín Pérez,2016,33,33,205,4.39,1.41,0,3.44,0.82
527048,Martín Pérez,2017,32,32,221,4.82,1.54,0,3.06,1.12
527048,Martín Pérez,2018,22,15,116,6.22,1.78,0,3.80,1.69
527048,Martín Pérez,2019,32,29,184,5.12,1.52,0,3.65,1.25
527048,Martín Pérez,2020,12,12,55,4.50,1.34,0,4.06,1.16
527048,Martín Pérez,2021,36,22,136,4.74,1.51,0,2.84,1.50
527048,Martín Pérez,2022,32,32,178,2.89,1.26,1,3.16,0.50
527048,Martín Pérez,2023,35,20,150,4.45,1.40,0,3.11,1.33
527048,Martín Pérez,2024,16,16,105,5.20,1.65,0,3.47,1.41
527048,Martín Pérez,2024,10,10,46,3.46,1.21,0,2.94,1.56
527048,Martín Pérez,2024,26,26,151,4.53,1.48,0,3.27,1.47
527048,Martín Pérez,2025,11,10,40,3.54,1.11,0,3.54,0.96
527048,Martín Pérez,2026,5,3,16,2.70,0.94,0,2.31,1.16
683004,Jack Leiter,2024,9,6,44,8.83,1.71,0,4.29,1.77
683004,Jack Leiter,2025,29,29,127,3.86,1.28,0,3.98,1.07
683004,Jack Leiter,2026,5,5,26,4.97,1.46,0,3.91,1.07
650911,Cristopher Sánchez,2021,7,1,16,4.97,1.82,0,4.97,0.71
650911,Cristopher Sánchez,2022,15,3,38,5.63,1.38,0,3.83,1.13
650911,Cristopher Sánchez,2023,19,18,88,3.44,1.05,0,1.45,1.45
650911,Cristopher Sánchez,2024,31,31,182,3.32,1.24,1,2.18,0.54
650911,Cristopher Sánchez,2025,32,32,171,2.50,1.06,0,1.96,0.53
650911,Cristopher Sánchez,2026,6,6,44,2.94,1.60,0,2.67,0.80
673929,Jordan Leasure,2024,33,0,32,6.32,1.60,0,5.17,1.72
673929,Jordan Leasure,2025,68,1,49,3.92,1.23,0,4.20,1.68
673929,Jordan Leasure,2026,11,1,8,4.63,1.11,0,3.86,2.31
656222,Jalen Beeks,2018,2,1,11,12.79,2.37,0,5.68,1.42
656222,Jalen Beeks,2018,12,0,41,4.47,1.38,0,4.06,1.02
656222,Jalen Beeks,2018,14,1,52,5.51,1.50,0,4.26,1.07
656222,Jalen Beeks,2019,33,3,115,4.31,1.49,0,3.45,1.04
656222,Jalen Beeks,2020,12,0,21,3.26,1.29,0,1.86,0.47
656222,Jalen Beeks,2022,42,7,49,2.80,1.16,0,3.25,1.03
656222,Jalen Beeks,2023,30,8,42,5.95,1.49,0,4.46,0.85
656222,Jalen Beeks,2024,45,0,49,4.74,1.36,0,3.28,1.09
656222,Jalen Beeks,2024,26,0,28,3.92,1.79,0,3.92,0.00
656222,Jalen Beeks,2024,71,0,77,4.50,1.49,0,3.47,0.77
656222,Jalen Beeks,2025,61,2,42,3.77,1.08,0,3.14,0.94
656222,Jalen Beeks,2026,11,0,9,1.80,1.20,0,2.70,0.90
657097,Jacob Webb,2019,36,0,24,1.39,1.11,0,3.34,1.11
657097,Jacob Webb,2020,8,0,7,0.00,1.20,0,4.50,0.00
657097,Jacob Webb,2021,34,0,38,4.19,1.51,0,3.67,1.05
657097,Jacob Webb,2023,29,0,23,3.98,1.36,0,5.68,1.71
657097,Jacob Webb,2023,25,0,16,3.27,1.18,0,4.09,0.00
657097,Jacob Webb,2023,54,0,39,3.69,1.29,0,5.03,1.01
657097,Jacob Webb,2024,60,0,40,3.02,1.18,0,4.29,0.64
657097,Jacob Webb,2025,55,0,49,3.00,1.03,0,2.59,1.36
657097,Jacob Webb,2026,12,0,15,4.66,2.17,0,5.59,1.86
670990,Yohan Ramírez,2020,16,0,9,2.61,1.40,0,8.71,1.31
670990,Yohan Ramírez,2021,25,0,18,3.90,1.08,0,3.90,1.95
670990,Yohan Ramírez,2022,7,0,7,7.56,1.56,0,6.48,3.24
670990,Yohan Ramírez,2022,1,0,3,4.50,2.00,0,4.50,0.00
670990,Yohan Ramírez,2022,22,0,22,3.67,1.30,0,4.33,0.33
670990,Yohan Ramírez,2022,30,0,32,4.58,1.39,0,4.82,0.96
670990,Yohan Ramírez,2023,26,0,34,3.67,1.40,0,3.67,0.79
670990,Yohan Ramírez,2023,5,0,5,9.00,2.00,0,6.75,0.00
670990,Yohan Ramírez,2023,31,0,39,4.23,1.46,0,3.99,0.70
670990,Yohan Ramírez,2024,5,0,3,6.00,0.83,0,3.00,0.00
670990,Yohan Ramírez,2024,5,0,11,7.56,1.80,0,4.32,1.08
670990,Yohan Ramírez,2024,27,0,32,5.52,1.47,0,3.38,0.92
670990,Yohan Ramírez,2024,1,0,3,13.50,2.25,0,0.00,0.00
670990,Yohan Ramírez,2024,38,0,49,6.20,1.47,0,3.40,0.80
670990,Yohan Ramírez,2025,24,0,33,5.40,1.47,0,4.32,1.08
670990,Yohan Ramírez,2026,10,0,10,2.30,1.21,0,5.17,0.57
676254,Ryan Walker,2023,49,13,61,3.23,1.39,0,3.52,1.17
676254,Ryan Walker,2024,76,1,50,1.91,0.85,0,2.03,0.56
676254,Ryan Walker,2025,68,0,60,4.11,1.27,0,2.64,0.59
676254,Ryan Walker,2026,11,0,9,3.27,1.36,0,4.91,0.82
641816,Tyler Mahle,2017,4,4,19,2.70,1.50,0,4.95,0.00
641816,Tyler Mahle,2018,23,23,125,4.98,1.59,0,4.26,1.77
641816,Tyler Mahle,2019,25,25,136,5.14,1.31,0,2.36,1.74
641816,Tyler Mahle,2020,10,9,34,3.59,1.15,0,3.97,1.13
641816,Tyler Mahle,2021,33,33,158,3.75,1.23,0,3.20,1.20
641816,Tyler Mahle,2022,19,19,91,4.40,1.25,0,3.36,1.04
641816,Tyler Mahle,2022,4,4,13,4.41,1.04,0,2.20,2.20
641816,Tyler Mahle,2022,23,23,104,4.40,1.22,0,3.21,1.19
641816,Tyler Mahle,2023,5,5,22,3.16,1.05,0,1.75,1.75
641816,Tyler Mahle,2024,3,3,14,4.97,1.42,0,2.84,0.71
641816,Tyler Mahle,2025,16,16,69,2.18,1.13,0,3.01,0.52
641816,Tyler Mahle,2026,5,5,27,5.26,1.60,0,4.91,2.10
669194,Ryne Nelson,2022,3,3,9,1.47,0.82,0,2.95,0.98
669194,Ryne Nelson,2023,29,27,159,5.31,1.42,0,2.88,1.50
669194,Ryne Nelson,2024,28,25,155,4.24,1.25,0,2.03,1.02
669194,Ryne Nelson,2025,33,23,124,3.39,1.07,0,2.40,0.99
669194,Ryne Nelson,2026,5,5,21,6.97,1.45,0,3.92,1.74
642207,Devin Williams,2019,13,0,18,3.95,1.76,0,3.95,1.32
642207,Devin Williams,2020,22,0,8,0.33,0.63,0,3.00,0.33
642207,Devin Williams,2021,58,0,36,2.50,1.19,0,4.67,0.83
642207,Devin Williams,2022,65,0,31,1.93,1.01,0,4.45,0.30
642207,Devin Williams,2023,61,0,26,1.53,0.92,0,4.30,0.61
642207,Devin Williams,2024,22,0,10,1.25,0.97,0,4.57,0.42
642207,Devin Williams,2025,67,0,45,4.79,1.13,0,3.63,0.73
642207,Devin Williams,2026,8,0,11,9.95,2.68,0,8.53,1.42
607481,Aaron Bummer,2017,30,0,13,4.50,1.27,0,6.14,1.64
607481,Aaron Bummer,2018,37,0,40,4.26,1.58,0,2.84,0.28
607481,Aaron Bummer,2019,58,0,43,2.13,0.99,0,3.19,0.53
607481,Aaron Bummer,2020,9,0,5,0.96,1.07,0,4.82,0.00
607481,Aaron Bummer,2021,62,0,42,3.51,1.26,0,4.63,0.48
607481,Aaron Bummer,2022,32,0,30,2.36,1.50,0,3.38,0.67
607481,Aaron Bummer,2023,61,0,53,6.79,1.53,0,5.55,0.62
607481,Aaron Bummer,2024,56,0,61,3.58,1.43,0,2.93,0.33
607481,Aaron Bummer,2025,42,2,51,3.81,1.25,0,2.82,0.50
607481,Aaron Bummer,2026,10,0,6,4.05,1.35,0,4.05,1.35
608566,Germán Márquez,2016,6,3,28,5.23,1.65,0,2.61,0.87
608566,Germán Márquez,2017,29,29,174,4.39,1.38,0,2.72,1.39
608566,Germán Márquez,2018,33,33,179,3.77,1.20,0,2.62,1.10
608566,Germán Márquez,2019,28,28,174,4.76,1.20,1,1.81,1.50
608566,Germán Márquez,2020,13,13,78,3.75,1.26,0,2.76,0.66
608566,Germán Márquez,2021,32,32,165,4.40,1.27,1,3.20,1.05
608566,Germán Márquez,2022,31,31,185,4.95,1.37,0,3.12,1.49
608566,Germán Márquez,2023,4,4,19,4.95,1.10,0,1.35,1.80
608566,Germán Márquez,2024,1,1,5,6.75,2.25,0,9.00,2.25
608566,Germán Márquez,2025,26,26,168,6.70,1.71,0,3.42,1.64
608566,Germán Márquez,2026,4,4,20,3.86,1.39,0,2.89,2.41
623437,Justin Topa,2020,6,0,7,2.35,0.91,0,0.00,1.17
623437,Justin Topa,2021,4,0,12,29.70,3.90,0,2.70,5.40
623437,Justin Topa,2022,7,0,9,4.91,1.77,0,4.91,0.00
623437,Justin Topa,2023,75,0,61,2.61,1.14,0,2.35,0.52
623437,Justin Topa,2024,3,0,1,0.00,0.43,0,0.00,0.00
623437,Justin Topa,2025,54,1,68,3.90,1.43,0,2.70,0.30
623437,Justin Topa,2026,15,0,13,3.86,1.54,0,3.86,0.77
605400,Aaron Nola,2015,13,13,74,3.59,1.20,0,2.20,1.27
605400,Aaron Nola,2016,20,20,116,4.78,1.31,0,2.35,0.81
605400,Aaron Nola,2017,27,27,154,3.54,1.21,0,2.63,0.96
605400,Aaron Nola,2018,33,33,149,2.37,0.97,0,2.46,0.72
605400,Aaron Nola,2019,34,34,176,3.87,1.27,0,3.56,1.20
605400,Aaron Nola,2020,12,12,54,3.28,1.08,1,2.90,1.14
605400,Aaron Nola,2021,32,32,165,4.63,1.13,1,1.94,1.30
605400,Aaron Nola,2022,32,32,168,3.25,0.96,1,1.27,0.83
605400,Aaron Nola,2023,32,32,178,4.46,1.15,0,2.09,1.49
605400,Aaron Nola,2024,33,33,189,3.57,1.20,1,2.26,1.35
605400,Aaron Nola,2025,17,17,99,6.01,1.35,0,2.67,1.72
605400,Aaron Nola,2026,5,5,29,5.06,1.46,0,3.38,1.35
596001,Jakob Junis,2017,20,16,101,4.30,1.28,0,2.29,1.37
596001,Jakob Junis,2018,30,30,182,4.37,1.27,0,2.19,1.63
596001,Jakob Junis,2019,31,31,192,5.24,1.43,0,2.98,1.59
596001,Jakob Junis,2020,8,6,35,6.39,1.62,0,2.13,2.49
596001,Jakob Junis,2021,16,6,43,5.26,1.40,0,2.75,1.60
596001,Jakob Junis,2022,23,17,120,4.42,1.29,0,2.01,1.04
596001,Jakob Junis,2023,40,4,90,3.87,1.29,0,2.20,1.26
596001,Jakob Junis,2024,10,1,20,2.42,0.96,0,1.73,1.38
596001,Jakob Junis,2024,14,5,29,2.85,0.78,0,0.66,0.88
596001,Jakob Junis,2024,24,6,49,2.69,0.85,0,1.07,1.07
596001,Jakob Junis,2025,57,0,64,2.97,1.23,0,2.43,0.67
596001,Jakob Junis,2026,10,0,6,2.38,0.88,0,3.18,0.00
621366,Ryan Borucki,2018,17,17,96,3.87,1.32,0,3.04,0.65
621366,Ryan Borucki,2019,2,2,15,10.80,3.15,0,8.10,2.70
621366,Ryan Borucki,2020,21,0,12,2.70,1.44,0,6.48,0.54
621366,Ryan Borucki,2021,24,0,18,4.94,1.23,0,4.18,1.90
621366,Ryan Borucki,2022,11,0,7,9.95,1.89,0,7.11,2.84
621366,Ryan Borucki,2022,21,0,17,4.26,1.21,0,2.84,1.89
621366,Ryan Borucki,2022,32,0,24,5.68,1.38,0,3.91,2.13
621366,Ryan Borucki,2023,38,2,26,2.45,0.74,0,0.89,0.89
621366,Ryan Borucki,2024,14,0,14,7.36,1.64,0,3.27,1.64
621366,Ryan Borucki,2025,35,0,26,5.28,1.24,0,3.52,1.17
621366,Ryan Borucki,2025,4,0,3,0.00,1.62,0,8.31,0.00
621366,Ryan Borucki,2025,39,0,29,4.63,1.29,0,4.11,1.03
621366,Ryan Borucki,2026,9,0,10,5.87,1.57,0,2.35,2.35
663765,Jake Woodford,2020,12,1,20,5.57,1.19,0,2.14,3.00
663765,Jake Woodford,2021,26,8,66,3.99,1.34,0,3.33,0.93
663765,Jake Woodford,2022,27,1,43,2.23,1.12,0,2.05,0.19
663765,Jake Woodford,2023,15,8,61,6.23,1.74,0,4.15,2.08
663765,Jake Woodford,2024,2,2,15,10.80,2.40,0,5.40,2.16
663765,Jake Woodford,2024,7,5,33,7.09,1.39,0,1.35,1.35
663765,Jake Woodford,2024,9,7,48,7.97,1.63,0,2.31,1.54
663765,Jake Woodford,2025,22,0,45,6.44,1.60,0,3.22,0.74
663765,Jake Woodford,2026,7,0,17,5.91,1.78,0,1.69,0.84
656945,Tanner Scott,2017,2,0,2,10.80,2.40,0,10.80,0.00
656945,Tanner Scott,2018,53,0,55,5.40,1.56,0,4.73,1.01
656945,Tanner Scott,2019,28,0,28,4.78,1.78,0,6.49,1.37
656945,Tanner Scott,2020,25,0,12,1.31,1.06,0,4.35,0.44
656945,Tanner Scott,2021,62,0,48,5.17,1.57,0,6.17,1.00
656945,Tanner Scott,2022,67,0,55,4.31,1.61,0,6.61,0.72
656945,Tanner Scott,2023,74,0,53,2.31,0.99,0,2.77,0.35
656945,Tanner Scott,2024,44,0,19,1.18,1.01,0,5.32,0.39
656945,Tanner Scott,2024,28,0,26,2.73,1.33,0,3.08,0.34
656945,Tanner Scott,2024,72,0,45,1.75,1.13,0,4.50,0.38
656945,Tanner Scott,2025,61,0,54,4.74,1.26,0,2.84,1.74
656945,Tanner Scott,2026,11,0,5,0.93,0.62,0,0.93,0.93
622554,Seranthony Domínguez,2018,53,0,32,2.95,0.93,0,3.41,0.62
622554,Seranthony Domínguez,2019,27,0,24,4.01,1.46,0,4.38,1.09
622554,Seranthony Domínguez,2021,1,0,0,0.00,0.00,0,0.00,0.00
622554,Seranthony Domínguez,2022,54,0,36,3.00,1.14,0,3.88,0.71
622554,Seranthony Domínguez,2023,57,0,48,3.78,1.40,0,3.96,1.26
622554,Seranthony Domínguez,2024,38,0,32,4.75,1.22,0,3.00,1.50
622554,Seranthony Domínguez,2024,25,0,20,3.97,1.28,0,3.57,2.38
622554,Seranthony Domínguez,2024,63,0,52,4.45,1.24,0,3.22,1.84
622554,Seranthony Domínguez,2025,43,0,32,3.24,1.34,0,5.18,0.86
622554,Seranthony Domínguez,2025,24,0,12,3.00,1.14,0,5.14,0.43
622554,Seranthony Domínguez,2025,67,0,44,3.16,1.28,0,5.17,0.72
622554,Seranthony Domínguez,2026,9,0,6,5.63,1.75,0,9.00,2.25
683409,Angel Chivilli,2024,30,0,31,4.55,1.29,0,2.84,1.99
683409,Angel Chivilli,2025,43,0,76,7.06,1.69,0,3.53,1.99
683409,Angel Chivilli,2026,2,0,2,3.86,2.14,0,11.57,3.86
625643,Reynaldo López,2016,11,6,47,4.91,1.57,0,4.50,0.82
625643,Reynaldo López,2017,8,8,49,4.72,1.32,0,2.64,1.32
625643,Reynaldo López,2018,32,32,165,3.91,1.27,0,3.58,1.19
625643,Reynaldo López,2019,33,33,203,5.38,1.46,0,3.18,1.71
625643,Reynaldo López,2020,8,8,28,6.49,1.63,0,5.13,3.08
625643,Reynaldo López,2021,20,9,42,3.43,0.95,0,2.03,1.56
625643,Reynaldo López,2022,61,1,51,2.76,0.95,0,1.52,0.14
625643,Reynaldo López,2023,43,0,33,4.29,1.31,0,4.71,1.50
625643,Reynaldo López,2023,13,0,12,2.77,1.54,0,5.54,0.69
625643,Reynaldo López,2023,12,0,5,0.00,0.82,0,3.27,0.00
625643,Reynaldo López,2023,68,0,50,3.27,1.27,0,4.64,1.09
625643,Reynaldo López,2024,26,25,108,1.99,1.11,0,2.79,0.66
625643,Reynaldo López,2025,1,1,9,5.40,2.20,0,3.60,1.80
625643,Reynaldo López,2026,5,5,20,3.74,1.43,0,4.57,1.66
688642,Zach Agnos,2025,30,0,31,6.61,1.53,0,4.88,1.44
688642,Zach Agnos,2026,8,0,19,5.87,1.70,0,4.11,0.59
606303,Joel Payamps,2019,2,0,4,4.50,1.75,0,6.75,0.00
606303,Joel Payamps,2020,2,0,2,3.00,1.67,0,9.00,0.00
606303,Joel Payamps,2021,22,0,21,2.70,1.07,0,3.30,0.90
606303,Joel Payamps,2021,15,1,23,4.43,1.28,0,1.33,1.33
606303,Joel Payamps,2021,37,1,44,3.40,1.15,0,2.50,1.07
606303,Joel Payamps,2022,29,0,46,3.16,1.45,0,3.38,1.05
606303,Joel Payamps,2022,12,0,14,3.46,1.08,0,0.00,1.38
606303,Joel Payamps,2022,41,0,60,3.23,1.37,0,2.59,1.13
606303,Joel Payamps,2023,69,0,57,2.55,1.05,0,2.17,1.02
606303,Joel Payamps,2024,68,0,39,3.05,0.97,0,2.75,1.07
606303,Joel Payamps,2025,28,0,29,7.23,1.61,0,3.42,1.14
606303,Joel Payamps,2025,2,0,2,3.38,0.75,0,0.00,3.38
606303,Joel Payamps,2025,30,0,31,6.84,1.52,0,3.08,1.37
606303,Joel Payamps,2026,9,0,6,8.44,1.69,0,5.06,3.38
624133,Ranger Suarez,2018,4,3,21,5.40,1.80,0,3.60,1.80
624133,Ranger Suarez,2019,37,0,52,3.14,1.32,0,2.22,1.11
624133,Ranger Suarez,2020,3,0,10,20.25,3.50,0,9.00,2.25
624133,Ranger Suarez,2021,39,12,73,1.36,1.00,1,2.80,0.34
624133,Ranger Suarez,2022,29,29,149,3.65,1.33,0,3.36,0.87
624133,Ranger Suarez,2023,22,22,129,4.18,1.42,0,3.46,0.94
624133,Ranger Suarez,2024,27,27,140,3.46,1.20,1,2.45,0.84
624133,Ranger Suarez,2025,26,26,154,3.20,1.22,0,2.17,0.80
624133,Ranger Suarez,2026,5,5,23,4.00,1.15,0,2.67,1.00
669373,Tarik Skubal,2020,8,7,28,5.63,1.22,0,3.09,2.53
669373,Tarik Skubal,2021,31,29,141,4.34,1.26,0,2.83,2.11
669373,Tarik Skubal,2022,21,21,104,3.52,1.16,0,2.45,0.69
669373,Tarik Skubal,2023,15,15,58,2.80,0.90,0,1.57,0.45
669373,Tarik Skubal,2024,31,31,142,2.39,0.92,0,1.64,0.70
669373,Tarik Skubal,2025,31,31,141,2.21,0.89,1,1.52,0.83
669373,Tarik Skubal,2026,6,6,30,2.72,0.99,0,1.49,0.25
